{
    "Version": "2012-10-17",
    "Statement": [
        {
            "Sid": "TheseActionsDontSupportResourceLevelPermissions",
            "Effect": "Allow",
            "Action": [
                "ec2:Describe*"
            ],
            "Resource": "*"
        },
        {
            "Sid": "TheseActionsSupportResourceLevelPermissions",
            "Action": [
                "ec2:StartInstances",
                "ec2:StopInstances",
                "ec2:TerminateInstances"
            ],
            "Resource": "arn:aws:ec2:ap-southeast-1b:639080490749:instance/i-0899dfec6a516710a",
            "Condition": {
                "StringEquals": {
                    "ec2:ResourceTag/Owner": "SSE"
                }
            },
            "Effect": "Allow"
        }
    ]
}