{
  "Version": "2012-10-17",
  "Statement": [
      {
          "Sid": "VisualEditor1",
          "Effect": "Allow",
          "Action": [
              "s3:ListAllMyBuckets",
              "s3:GetBucketLocation",
              "s3:GetBucketPublicAccessBlock",
              "s3:GetAccountPublicAccessBlock",
              "s3:GetBucketAcl",
              "s3:GetBucketPolicyStatus"
          ],
          "Resource": "*"
      },
      {
          "Sid": "VisualEditor0",
          "Effect": "Allow",
          "Action": [
              "s3:ListBucket",
              "s3:GetObject*"
          ],
          "Resource": [
              "arn:aws:s3:::examplebucket/*",
              "arn:aws:s3:::examplebucket"
          ]
      },
      {
          "Sid": "VisualEditor2",
          "Effect": "Allow",
          "Action": [
              "s3:PutObject",
              "s3:GetObjectAcl",
              "s3:GetObject",
              "s3:DeleteObject",
              "s3:PutObjectAcl"
          ],
          "Resource": "arn:aws:s3:::examplebucket/*"
      }
  ]
}