{
    "Version": "2012-10-17",
    "Statement": [
        {
            "Effect": "Allow",
            "Action": "ec2:*",
            "Resource": "*",
            "Condition": {
                "StringEquals": {
                    "ec2:Region": "us-west-2"
                }
            }
        },
        {
            "Effect": "Deny",
            "Action": [
                "ec2:CreateNetworkAcl",
                "ec2:CreateNetworkAclEntry",
                "ec2:ReplaceNetworkAclAssociation",
                "ec2:ReplaceNetworkAclEntry",
                "ec2:DeleteNetworkAcl",
                "ec2:DeleteNetworkAclEntry",
                "ec2:AllocateAddress",
                "ec2:AssociateAddress",
                "ec2:AttachInternetGateway",
                "ec2:AttachVpnGateway",
                "ec2:CreateCustomerGateway",
                "ec2:CreateInternetGateway",
                "ec2:CreateNatGateway",
                "ec2:CreatePlacementGroup",
                "ec2:CreateReservedInstancesListing",
                "ec2:CreateRouteTable",
                "ec2:CreateSubnet",
                "ec2:CreateVpc",
                "ec2:CreateVpcEndpoint",
                "ec2:CreateVpcPeeringConnection",
                "ec2:CreateVpnConnection",
                "ec2:CreateVpnConnectionRoute",
                "ec2:CreateVpnGateway",
                "ec2:DeleteVpc",
                "ec2:DeleteVpcEndpoints",
                "ec2:DeleteVpcPeeringConnection",
                "ec2:DeleteVpnConnection",
                "ec2:DetachInternetGateway",
                "ec2:GetReservedInstancesExchangeQuote",
                "ec2:ModifyReservedInstances",
                "ec2:ModifyVpcAttribute",
                "ec2:ModifyVpcEndpoint",
                "ec2:PurchaseReservedInstancesOffering",
                "ec2:ReplaceRoute",
                "ec2:RequestSpotFleet"
            ],
            "Resource": "*"
        },
        {
            "Effect": "Allow",
            "Action": "s3:*",
            "Resource": [
                "arn:aws:s3:::projectx12345",
                "arn:aws:s3:::projectx12345/*"
            ]
        },
        {
            "Effect": "Allow",
            "Action": [
                "s3:Get*",
                "s3:List*"
            ],
            "Resource": "*"
        },
        {
            "Effect": "Allow",
            "Action": [
                "aws-portal:ViewBilling",
                "aws-portal:ViewUsage"
            ],
            "Resource": [
                "*"
            ]
        }
    ]
}