{
    "Version": "2012-10-17",
    "Statement": [
      {
        "Sid": "VisualEditor0",
        "Effect": "Allow",
        "Action": "s3:GetBucketLocation",
        "Resource": "arn:aws:s3:::*"
      },
      {
        "Sid": "VisualEditor1",
        "Effect": "Allow",
        "Action": "s3:ListBucket",
        "Resource": "arn:aws:s3:::singlecomm.recordings",
        "Condition": {
          "StringEquals": {
            "s3:prefix": [
              "",
              "0001/"
            ],
            "s3:delimiter": "/"
          }
        }
      },
      {
        "Sid": "VisualEditor2",
        "Effect": "Allow",
        "Action": "s3:ListBucket",
        "Resource": "arn:aws:s3:::singelcomm.recordings",
        "Condition": {
          "StringLike": {
            "s3:prefix": "0001/*"
          }
        }
      },
      {
        "Sid": "VisualEditor3",
        "Effect": "Allow",
        "Action": "s3:ListAllMyBuckets",
        "Resource": "arn:aws:s3:::*"
      },
      {
        "Sid": "VisualEditor4",
        "Effect": "Allow",
        "Action": "s3:*",
        "Resource": "arn:aws:s3:::singlecomm.recordings/0001/*"
      }
    ]
  }