{
    "Version": "2012-10-17",
    "Statement": [
      {
        "Effect": "Allow",
        "Principal": "*",
        "Action": "s3:GetObject",
        "Resource": [
          "arn:aws:s3:::myexamplebucket/*"
        ]
      },
      {
        "Effect": "Deny",
        "Principal": "*",
        "Action": "s3:GetObject",
        "Resource": [
          "arn:aws:s3:::myexamplebucket/*"
        ],
        "Condition": {
          "StringNotLike": {
            "aws:userId": [
              "AROAEXAMPLEID:*",
              "AIDAEXAMPLEID",
              "111111111111"
            ]
          }
        }
      }
    ]
  }