{
    "Version": "2012-10-17",
    "Statement": [
        {
            "Action": [
                "s3:ListAllMyBuckets",
                "s3:GetBucketLocation"
            ],
            "Effect": "Allow",
            "Resource": "arn:aws:s3:::*"
        },
        {
            "Action": "s3:ListBucket",
            "Effect": "Allow",
            "Resource": "arn:aws:s3:::mybucket",
            "Condition": {
                "StringEquals": {
                    "s3:prefix": [
                        "",
                        "home/",
                        "home/${aws:username}/"
                    ],
        	    "s3:delimiter": [
                        "/"
                    ]
                }
            }
        },
        {
            "Action": [
                "s3:*"
            ],
            "Effect": "Allow",
            "Resource": [
                "arn:aws:s3:::mybucket/home/${aws:username}/*"
            ]
        }
    ]
}