{
  "Version": "2012-10-17",
  "Id": "http referer policy example",
  "Statement": [
      {
          "Sid": "AllowIp",
          "Effect": "Allow",
          "Principal": "*",
          "Action": "s3:GetObject",
          "Resource": "arn:aws:s3:::xxx/*",
          "Condition": {
              "IpAddress": {
                  "aws:SourceIp": [
                      "0.0.0.0"
                  ]
              }
          }
      },
      {
          "Sid": "AllowReferer",
          "Effect": "Deny",
          "Principal": "*",
          "Action": "s3:GetObject",
          "Resource": "arn:aws:s3:::xxx/*",
          "Condition": {
              "StringNotLike": {
                  "aws:Referer": [
                      "test.com/*",
                      "http://test.com/*"
                  ]
              }
          }
      }
  ]
}