{
    "Version": "2012-10-17",
    "Statement": [
        {
            "Sid": "RunCloudFormation",
            "Effect": "Allow",
            "Action": [
                "cloudformation:*"
            ],
            "Resource": [
                "*"
            ]
        },
        {
            "Sid": "CreateEC2Instances",
            "Effect": "Allow",
            "Action": [
                "ec2:Describe*",
                "ec2:CreateSecurityGroup",
                "ec2:AuthorizeSecurityGroupIngress",
                "ec2:CreateTags",
                "ec2:RunInstances"
            ],
            "Resource": "*"
        },
        {
            "Sid": "LaunchingEC2withAMIsAndTags",
            "Effect": "Allow",
            "Action": "ec2:RunInstances",
            "Resource": "arn:aws:ec2:*:*:instance/*",
            "Condition": {
                "StringLike": {
                    "aws:RequestTag/Project": "?*"
                }
            }
        }
    ]
  } 