{
  "Version": "2012-10-17",
  "Statement": [
    {
      "Effect": "Allow",
      "Action": [
        "s3:GetBucketLocation",
        "s3:ListAllMyBuckets"
      ],
      "Resource": [
        "arn:aws:s3:::*"
      ]
    },
    {
      "Effect": "Allow",
      "Action": [
        "s3:ListBucket"
      ],
      "Resource": [
        "arn:aws:s3:::bluebolt"
      ],
      "Condition": {
        "StringEquals": {
          "s3:prefix": [
            "",
            "Production and Processing/",
            "Production and Processing/${aws:username}",
            "Company Shared/"
          ],
          "s3:delimiter": [
            "/"
          ]
        }
      }
    },
    {
      "Effect": "Allow",
      "Action": [
        "s3:ListBucket"
      ],
      "Resource": [
        "arn:aws:s3:::bluebolt"
      ],
      "Condition": {
        "StringLike": {
          "s3:prefix": [
            "Company Shared/*"
          ]
        }
      }
    },
    {
      "Effect": "Allow",
      "Action": [
        "s3:ListBucket"
      ],
      "Resource": [
        "arn:aws:s3:::bluebolt"
      ],
      "Condition": {
        "StringLike": {
          "s3:prefix": [
            "Production and Processing/${aws:username}/",
            "Production and Processing/${aws:username}/*"
          ]
        }
      }
    },
    {
      "Effect": "Allow",
      "Action": [
        "s3:*"
      ],
      "Resource": [
        "arn:aws:s3:::bluebolt/Company Shared/*"
      ]
    },
    {
      "Effect": "Allow",
      "Action": [
        "s3:*"
      ],
      "Resource": [
        "arn:aws:s3:::bluebolt/Production and Processing/${aws:username}/*"
      ]
    },
    {
      "Effect": "Deny",
      "Action": [
        "s3:*"
      ],
      "Resource": [
        "arn:aws:s3:::bluebolt/Management/*"
      ]
    }
  ]
}