{
  "Version": "2012-10-17",
  "Statement": [
    {
      "Effect": "Allow",
      "Principal": {
        "AWS": "arn:aws:iam::123456789012:user/bob"
      },
      "Action": [
        "s3:PutBucketVersioning",
        "s3:DeleteObject",
        "s3:PutObjectTagging",
        "s3:PutObject",
        "s3:CreateBucket",
        "s3:GetObject",
        "s3:ListBucketVersions",
        "s3:GetBucketAcl",
        "s3:GetBucketLocation",
        "s3:GetBucketVersioning",
        "s3:GetObjectAcl",
        "s3:PutBucketPolicy",
        "s3:ListBucket",
        "s3:PutBucketAcl",
        "s3:GetObjectVersion",
        "s3:GetObjectTagging",
        "s3:GetBucketPolicy",
        "s3:PutObjectAcl"
      ],
      "Resource": [
        "arn:aws:s3:::mybucket",
        "arn:aws:s3:::mybucket/*",
        "arn:aws:s3:::app-storage/images/users/config/file9.txt",
        "arn:aws:s3:::app-storage/backups/images/file9.txt",
        "arn:aws:s3:::data-bucket/backups/users/image9.png",
        "arn:aws:s3:::app-storage/logs/backups/config/file2.txt",
        "arn:aws:s3:::data-bucket",
        "arn:aws:s3:::data-bucket/*",
        "arn:aws:s3:::bucket1",
        "arn:aws:s3:::bucket1/*",
        "arn:aws:s3:::bucket1/image6.png",
        "arn:aws:s3:::app-storage",
        "arn:aws:s3:::app-storage/*",
        "arn:aws:s3:::bucket1/images/logs/config/file9.txt",
        "arn:aws:s3:::bucket1/config/image8.png",
        "arn:aws:s3:::app-storage/files/backups/file3.txt",
        "arn:aws:s3:::data-bucket/files/image3.png",
        "arn:aws:s3:::app-storage/file1.txt",
        "arn:aws:s3:::data-bucket/users/image1.png"
      ]
    },
    {
      "Effect": "Deny",
      "Principal": {
        "AWS": "arn:aws:iam::123456789012:user/bob"
      },
      "Action": [
        "s3:PutObjectAcl",
        "s3:GetBucketAcl",
        "s3:PutObject",
        "s3:CreateBucket",
        "s3:GetBucketPolicy",
        "s3:ListBucket",
        "s3:DeleteObject",
        "s3:DeleteBucket",
        "s3:PutBucketVersioning",
        "s3:PutObjectTagging",
        "s3:GetObjectVersion",
        "s3:PutBucketPolicy"
      ],
      "Resource": [
        "arn:aws:s3:::secret/stuff0",
        "arn:aws:s3:::secret/stuff1",
        "arn:aws:s3:::secret/stuff2",
        "arn:aws:s3:::secret/stuff2/*",
        "arn:aws:s3:::secret/stuff3",
        "arn:aws:s3:::secret/stuff4",
        "arn:aws:s3:::secret/stuff5",
        "arn:aws:s3:::secret/stuff6",
        "arn:aws:s3:::secret/stuff7",
        "arn:aws:s3:::secret/stuff8",
        "arn:aws:s3:::secret/stuff9",
        "arn:aws:s3:::secret/stuff10",
        "arn:aws:s3:::secret/stuff11",
        "arn:aws:s3:::secret/stuff12",
        "arn:aws:s3:::secret/stuff13",
        "arn:aws:s3:::secret/stuff14",
        "arn:aws:s3:::secret/stuff15",
        "arn:aws:s3:::secret/*"
      ]
    }
  ]
}