{
  "Version": "2012-10-17",
  "Statement": [
    {
      "Sid": "AllowBobSpecificS3Actions",
      "Effect": "Allow",
      "Principal": {
        "AWS": "arn:aws:iam::123456789012:user/bob"
      },
      "Action": [
        "s3:GetObjectTagging",
        "s3:GetBucketVersioning",
        "s3:PutBucketVersioning",
        "s3:GetBucketLocation",
        "s3:ListBucket",
        "s3:GetBucketPolicy",
        "s3:PutObject",
        "s3:GetObject",
        "s3:DeleteBucket",
        "s3:GetObjectVersion",
        "s3:GetBucketAcl",
        "s3:PutObjectAcl",
        "s3:CreateBucket",
        "s3:ListBucketVersions",
        "s3:PutBucketPolicy",
        "s3:PutBucketAcl",
        "s3:DeleteObject",
        "s3:GetObjectAcl",
        "s3:PutObjectTagging"
      ],
      "Resource": [
        "arn:aws:s3:::bucket1/file2.txt",
        "arn:aws:s3:::data-bucket",
        "arn:aws:s3:::bucket1",
        "arn:aws:s3:::mybucket",
        "arn:aws:s3:::app-storage",
        "arn:aws:s3:::bucket1/backups/logs/logs/image7.png",
        "arn:aws:s3:::app-storage/data/config/logs/image9.png",
        "arn:aws:s3:::data-bucket/config/file2.txt",
        "arn:aws:s3:::data-bucket/image1.png",
        "arn:aws:s3:::data-bucket/backups/backups/data/image8.png",
        "arn:aws:s3:::bucket1/config/files/file9.txt",
        "arn:aws:s3:::bucket1/data/image4.png",
        "arn:aws:s3:::bucket1/image9.png",
        "arn:aws:s3:::bucket1/config/images/file4.txt",
        "arn:aws:s3:::data-bucket/image8.png",
        "arn:aws:s3:::app-storage/file3.txt",
        "arn:aws:s3:::app-storage/files/image5.png",
        "arn:aws:s3:::data-bucket/logs/image7.png",
        "arn:aws:s3:::data-bucket/image8.png",
        "arn:aws:s3:::data-bucket/users/logs/logs/file2.txt",
        "arn:aws:s3:::app-storage/file6.txt",
        "arn:aws:s3:::app-storage/backups/backups/image1.png",
        "arn:aws:s3:::mybucket/data/images/file2.txt",
        "arn:aws:s3:::bucket1/files/images/image9.png",
        "arn:aws:s3:::data-bucket/data/file9.txt",
        "arn:aws:s3:::data-bucket/files/backups/images/file7.txt",
        "arn:aws:s3:::bucket1/users/image2.png",
        "arn:aws:s3:::app-storage/images/files/users/image7.png"
      ]
    },
    {
      "Sid": "DenyBobSpecificS3ActionsOnSecretStuff",
      "Effect": "Deny",
      "Principal": {
        "AWS": "arn:aws:iam::123456789012:user/bob"
      },
      "Action": [
        "s3:PutObjectAcl",
        "s3:GetBucketPolicy",
        "s3:GetObject",
        "s3:GetBucketVersioning",
        "s3:DeleteObject",
        "s3:ListBucketVersions",
        "s3:GetBucketAcl",
        "s3:GetObjectVersion",
        "s3:PutBucketVersioning",
        "s3:PutBucketAcl"
      ],
      "Resource": [
        "arn:aws:s3:::secret/stuff0",
        "arn:aws:s3:::secret/stuff1",
        "arn:aws:s3:::secret/stuff2",
        "arn:aws:s3:::secret/stuff3",
        "arn:aws:s3:::secret/stuff4",
        "arn:aws:s3:::secret/stuff5",
        "arn:aws:s3:::secret/stuff6",
        "arn:aws:s3:::secret/stuff7",
        "arn:aws:s3:::secret/stuff8",
        "arn:aws:s3:::secret/stuff9",
        "arn:aws:s3:::secret/stuff10",
        "arn:aws:s3:::secret/stuff11",
        "arn:aws:s3:::secret/stuff12"
      ]
    }
  ]
}