{
  "Version": "2012-10-17",
  "Statement": [
    {
      "Effect": "Allow",
      "Principal": {
        "AWS": "arn:aws:iam::123456789012:user/bob"
      },
      "Action": [
        "s3:PutObjectAcl",
        "s3:DeleteBucket",
        "s3:GetObject",
        "s3:PutBucketAcl",
        "s3:GetObjectTagging",
        "s3:GetBucketVersioning",
        "s3:PutBucketPolicy",
        "s3:PutBucketVersioning",
        "s3:GetBucketLocation",
        "s3:GetObjectAcl",
        "s3:PutObject",
        "s3:GetBucketPolicy",
        "s3:ListBucketVersions",
        "s3:PutObjectTagging",
        "s3:GetObjectVersion",
        "s3:GetBucketAcl",
        "s3:DeleteObject",
        "s3:CreateBucket"
      ],
      "Resource": [
        "arn:aws:s3:::mybucket/file8.txt",
        "arn:aws:s3:::app-storage",
        "arn:aws:s3:::bucket1/data/files/data/image1.png",
        "arn:aws:s3:::data-bucket/logs/images/file1.txt",
        "arn:aws:s3:::app-storage/backups/logs/file2.txt",
        "arn:aws:s3:::mybucket",
        "arn:aws:s3:::bucket1",
        "arn:aws:s3:::app-storage/file3.txt",
        "arn:aws:s3:::data-bucket/config/data/image2.png",
        "arn:aws:s3:::data-bucket",
        "arn:aws:s3:::mybucket/config/logs/image9.png",
        "arn:aws:s3:::bucket1/backups/image8.png",
        "arn:aws:s3:::data-bucket/users/data/image4.png",
        "arn:aws:s3:::app-storage/image1.png",
        "arn:aws:s3:::bucket1/config/logs/data/image7.png",
        "arn:aws:s3:::bucket1/files/file9.txt",
        "arn:aws:s3:::data-bucket/logs/config/image5.png",
        "arn:aws:s3:::mybucket/images/backups/image9.png",
        "arn:aws:s3:::mybucket/config/config/image9.png",
        "arn:aws:s3:::app-storage/users/logs/images/image5.png",
        "arn:aws:s3:::data-bucket/image7.png",
        "arn:aws:s3:::data-bucket/data/logs/config/image8.png",
        "arn:aws:s3:::bucket1/images/users/users/image5.png",
        "arn:aws:s3:::app-storage/files/data/image9.png"
      ]
    },
    {
      "Effect": "Deny",
      "Principal": {
        "AWS": "arn:aws:iam::123456789012:user/bob"
      },
      "Action": [
        "s3:GetObject",
        "s3:GetObjectAcl",
        "s3:GetObjectVersion",
        "s3:PutBucketVersioning",
        "s3:PutObject",
        "s3:CreateBucket",
        "s3:GetObjectTagging",
        "s3:DeleteObject"
      ],
      "Resource": [
        "arn:aws:s3:::secret/stuff0",
        "arn:aws:s3:::secret/stuff1",
        "arn:aws:s3:::secret/stuff2",
        "arn:aws:s3:::secret/stuff3",
        "arn:aws:s3:::secret/stuff4",
        "arn:aws:s3:::secret/stuff5",
        "arn:aws:s3:::secret/stuff6",
        "arn:aws:s3:::secret/stuff7",
        "arn:aws:s3:::secret/stuff8",
        "arn:aws:s3:::secret/stuff9",
        "arn:aws:s3:::secret/stuff10",
        "arn:aws:s3:::secret/stuff11"
      ]
    }
  ]
}