{
  "Version": "2012-10-17",
  "Statement": [
    {
      "Effect": "Allow",
      "Principal": {
        "AWS": "arn:aws:iam::123456789012:user/bob"
      },
      "Action": [
        "s3:PutObjectTagging",
        "s3:PutBucketVersioning",
        "s3:PutObject",
        "s3:DeleteObject",
        "s3:ListBucket",
        "s3:ListBucketVersions",
        "s3:PutBucketAcl",
        "s3:CreateBucket",
        "s3:GetBucketPolicy",
        "s3:GetObjectAcl",
        "s3:GetObjectVersion",
        "s3:GetBucketLocation",
        "s3:GetBucketAcl",
        "s3:GetObject",
        "s3:PutObjectAcl",
        "s3:PutBucketPolicy"
      ],
      "Resource": [
        "arn:aws:s3:::app-storage",
        "arn:aws:s3:::app-storage/*",
        "arn:aws:s3:::bucket1",
        "arn:aws:s3:::bucket1/*",
        "arn:aws:s3:::data-bucket",
        "arn:aws:s3:::data-bucket/*",
        "arn:aws:s3:::mybucket",
        "arn:aws:s3:::mybucket/*"
      ]
    },
    {
      "Effect": "Deny",
      "Principal": {
        "AWS": "arn:aws:iam::123456789012:user/bob"
      },
      "Action": [
        "s3:GetObjectAcl",
        "s3:PutBucketVersioning",
        "s3:GetObjectVersion",
        "s3:GetObject",
        "s3:GetBucketAcl",
        "s3:DeleteObject",
        "s3:DeleteBucket",
        "s3:GetBucketLocation",
        "s3:PutBucketPolicy",
        "s3:GetBucketVersioning"
      ],
      "Resource": [
        "arn:aws:s3:::secret/stuff0",
        "arn:aws:s3:::secret/stuff1",
        "arn:aws:s3:::secret/stuff2",
        "arn:aws:s3:::secret/stuff3",
        "arn:aws:s3:::secret/stuff4",
        "arn:aws:s3:::secret/stuff5",
        "arn:aws:s3:::secret/stuff6",
        "arn:aws:s3:::secret/stuff7",
        "arn:aws:s3:::secret/stuff8",
        "arn:aws:s3:::secret/stuff9",
        "arn:aws:s3:::secret/stuff10",
        "arn:aws:s3:::secret/stuff11",
        "arn:aws:s3:::secret/stuff12"
      ]
    }
  ]
}