{
  "Version": "2012-10-17",
  "Statement": [
    {
      "Effect": "Allow",
      "Principal": {
        "AWS": "arn:aws:iam::123456789012:user/bob"
      },
      "Action": [
        "s3:PutObjectTagging",
        "s3:PutBucketVersioning",
        "s3:PutObject",
        "s3:PutObjectAcl",
        "s3:GetBucketLocation",
        "s3:GetObjectTagging",
        "s3:PutBucketAcl",
        "s3:PutBucketPolicy",
        "s3:GetObjectAcl",
        "s3:DeleteBucket",
        "s3:GetBucketPolicy",
        "s3:GetBucketVersioning",
        "s3:ListBucket",
        "s3:CreateBucket",
        "s3:GetObjectVersion",
        "s3:DeleteObject",
        "s3:GetObject",
        "s3:ListBucketVersions",
        "s3:GetBucketAcl"
      ],
      "Resource": [
        "arn:aws:s3:::bucket1/*",
        "arn:aws:s3:::bucket1",
        "arn:aws:s3:::data-bucket/*",
        "arn:aws:s3:::data-bucket",
        "arn:aws:s3:::app-storage/*",
        "arn:aws:s3:::app-storage",
        "arn:aws:s3:::mybucket/*",
        "arn:aws:s3:::mybucket"
      ],
      "Condition": {
        "StringNotLike": {
          "s3:prefix": [
            "secret/stuff*"
          ]
        }
      }
    }
  ]
}