{
  "Version": "2012-10-17",
  "Statement": [
    {
      "Effect": "Allow",
      "Principal": {
        "AWS": "arn:aws:iam::123456789012:user/bob"
      },
      "Action": [
        "s3:PutObject",
        "s3:GetObjectVersion",
        "s3:GetBucketVersioning",
        "s3:PutBucketVersioning",
        "s3:PutBucketAcl",
        "s3:PutBucketPolicy",
        "s3:GetObjectTagging",
        "s3:CreateBucket",
        "s3:GetObjectAcl",
        "s3:DeleteBucket",
        "s3:GetBucketPolicy",
        "s3:GetBucketLocation",
        "s3:PutObjectTagging",
        "s3:PutObjectAcl",
        "s3:ListBucket",
        "s3:DeleteObject"
      ],
      "Resource": [
        "arn:aws:s3:::data-bucket/file9.txt",
        "arn:aws:s3:::bucket1/images/images/image9.png",
        "arn:aws:s3:::mybucket",
        "arn:aws:s3:::data-bucket/config/config/file6.txt",
        "arn:aws:s3:::app-storage/image5.png",
        "arn:aws:s3:::mybucket/data/image5.png",
        "arn:aws:s3:::bucket1/logs/logs/file3.txt",
        "arn:aws:s3:::app-storage/files/image6.png",
        "arn:aws:s3:::app-storage/config/logs/logs/file7.txt",
        "arn:aws:s3:::data-bucket/files/image4.png",
        "arn:aws:s3:::mybucket/file7.txt",
        "arn:aws:s3:::data-bucket/files/file2.txt",
        "arn:aws:s3:::mybucket/backups/logs/file1.txt",
        "arn:aws:s3:::data-bucket/config/config/backups/file7.txt",
        "arn:aws:s3:::mybucket/data/image9.png",
        "arn:aws:s3:::app-storage/data/logs/data/image2.png",
        "arn:aws:s3:::app-storage/data/config/file8.txt",
        "arn:aws:s3:::data-bucket",
        "arn:aws:s3:::bucket1"
      ]
    },
    {
      "Effect": "Deny",
      "Principal": {
        "AWS": "arn:aws:iam::123456789012:user/bob"
      },
      "Action": [
        "s3:GetObjectVersion",
        "s3:GetBucketVersioning",
        "s3:ListBucketVersions",
        "s3:ListBucket",
        "s3:DeleteObject",
        "s3:GetObjectTagging",
        "s3:GetBucketAcl"
      ],
      "Resource": [
        "arn:aws:s3:::secret/stuff0",
        "arn:aws:s3:::secret/stuff1",
        "arn:aws:s3:::secret/stuff2",
        "arn:aws:s3:::secret/stuff3",
        "arn:aws:s3:::secret/stuff4",
        "arn:aws:s3:::secret/stuff5",
        "arn:aws:s3:::secret/stuff6",
        "arn:aws:s3:::secret/stuff7",
        "arn:aws:s3:::secret/stuff8",
        "arn:aws:s3:::secret/stuff9"
      ]
    }
  ]
}