{
  "Version": "2012-10-17",
  "Statement": [
    {
      "Effect": "Allow",
      "Principal": {
        "AWS": "arn:aws:iam::123456789012:user/bob"
      },
      "Action": [
        "s3:GetBucketVersioning",
        "s3:ListBucketVersions",
        "s3:PutObjectAcl",
        "s3:GetObjectAcl",
        "s3:PutObject",
        "s3:GetObjectTagging",
        "s3:GetBucketPolicy",
        "s3:GetBucketLocation",
        "s3:ListBucket",
        "s3:GetObject",
        "s3:DeleteObject",
        "s3:PutBucketVersioning",
        "s3:PutBucketPolicy",
        "s3:PutBucketAcl",
        "s3:DeleteBucket",
        "s3:CreateBucket"
      ],
      "Resource": [
        "arn:aws:s3:::data-bucket",
        "arn:aws:s3:::bucket1",
        "arn:aws:s3:::app-storage",
        "arn:aws:s3:::mybucket",
        "arn:aws:s3:::app-storage/backups/file9.txt",
        "arn:aws:s3:::app-storage/file9.txt",
        "arn:aws:s3:::mybucket/data/users/file4.txt",
        "arn:aws:s3:::bucket1/files/backups/file6.txt",
        "arn:aws:s3:::bucket1/files/images/file2.txt",
        "arn:aws:s3:::data-bucket/users/image7.png",
        "arn:aws:s3:::data-bucket/images/backups/image5.png",
        "arn:aws:s3:::bucket1/file4.txt",
        "arn:aws:s3:::data-bucket/files/logs/data/image6.png",
        "arn:aws:s3:::mybucket/images/image4.png",
        "arn:aws:s3:::mybucket/backups/images/images/image4.png",
        "arn:aws:s3:::data-bucket/images/file2.txt",
        "arn:aws:s3:::data-bucket/config/image5.png",
        "arn:aws:s3:::data-bucket/config/file4.txt",
        "arn:aws:s3:::data-bucket/image5.png",
        "arn:aws:s3:::app-storage/logs/config/images/image7.png",
        "arn:aws:s3:::mybucket/config/logs/image1.png",
        "arn:aws:s3:::data-bucket/config/file2.txt",
        "arn:aws:s3:::bucket1/logs/images/file9.txt",
        "arn:aws:s3:::bucket1/logs/backups/users/image9.png",
        "arn:aws:s3:::app-storage/config/files/image5.png",
        "arn:aws:s3:::data-bucket/config/backups/file6.txt",
        "arn:aws:s3:::mybucket/logs/images/file5.txt",
        "arn:aws:s3:::mybucket/images/config/images/file9.txt",
        "arn:aws:s3:::bucket1/users/files/logs/file9.txt",
        "arn:aws:s3:::mybucket/images/image9.png",
        "arn:aws:s3:::app-storage/config/images/files/file9.txt",
        "arn:aws:s3:::data-bucket/file2.txt",
        "arn:aws:s3:::mybucket/file5.txt",
        "arn:aws:s3:::bucket1/file4.txt"
      ]
    },
    {
      "Effect": "Deny",
      "Principal": {
        "AWS": "arn:aws:iam::123456789012:user/bob"
      },
      "Action": [
        "s3:GetObject",
        "s3:PutObjectTagging",
        "s3:GetObjectTagging",
        "s3:GetBucketLocation",
        "s3:GetObjectAcl",
        "s3:DeleteBucket",
        "s3:PutBucketVersioning",
        "s3:DeleteObject",
        "s3:PutBucketPolicy",
        "s3:PutBucketAcl"
      ],
      "Resource": [
        "arn:aws:s3:::secret/stuff0",
        "arn:aws:s3:::secret/stuff1",
        "arn:aws:s3:::secret/stuff2",
        "arn:aws:s3:::secret/stuff3",
        "arn:aws:s3:::secret/stuff4",
        "arn:aws:s3:::secret/stuff5",
        "arn:aws:s3:::secret/stuff6",
        "arn:aws:s3:::secret/stuff7",
        "arn:aws:s3:::secret/stuff8",
        "arn:aws:s3:::secret/stuff9",
        "arn:aws:s3:::secret/stuff10",
        "arn:aws:s3:::secret/stuff11",
        "arn:aws:s3:::secret/stuff12",
        "arn:aws:s3:::secret/stuff13",
        "arn:aws:s3:::secret/stuff14",
        "arn:aws:s3:::secret/stuff15"
      ]
    }
  ]
}