{
  "Version": "2012-10-17",
  "Statement": [
    {
      "Sid": "AllowSpecificActions",
      "Effect": "Allow",
      "Principal": {
        "AWS": "arn:aws:iam::123456789012:user/bob"
      },
      "Action": [
        "s3:GetObject",
        "s3:DeleteObject",
        "s3:PutBucketAcl",
        "s3:GetObjectTagging",
        "s3:DeleteBucket",
        "s3:GetBucketPolicy",
        "s3:GetObjectVersion",
        "s3:GetBucketVersioning",
        "s3:CreateBucket",
        "s3:ListBucket",
        "s3:PutObjectAcl",
        "s3:ListBucketVersions",
        "s3:PutBucketPolicy",
        "s3:GetBucketLocation",
        "s3:PutBucketVersioning",
        "s3:PutObjectTagging",
        "s3:GetObjectAcl",
        "s3:PutObject"
      ],
      "Resource": [
        "arn:aws:s3:::app-storage/logs/logs/file3.txt",
        "arn:aws:s3:::app-storage/backups/logs/config/file5.txt",
        "arn:aws:s3:::data-bucket",
        "arn:aws:s3:::mybucket/image3.png",
        "arn:aws:s3:::bucket1/users/config/file4.txt",
        "arn:aws:s3:::app-storage",
        "arn:aws:s3:::data-bucket/logs/users/file5.txt",
        "arn:aws:s3:::data-bucket/data/files/data/file3.txt",
        "arn:aws:s3:::bucket1/backups/image3.png",
        "arn:aws:s3:::data-bucket/image2.png",
        "arn:aws:s3:::app-storage/images/data/users/image8.png",
        "arn:aws:s3:::mybucket/users/data/backups/file2.txt",
        "arn:aws:s3:::mybucket/config/users/data/file2.txt",
        "arn:aws:s3:::bucket1/images/images/file1.txt",
        "arn:aws:s3:::data-bucket/files/backups/logs/file3.txt",
        "arn:aws:s3:::bucket1/image7.png",
        "arn:aws:s3:::data-bucket/users/file9.txt",
        "arn:aws:s3:::data-bucket/config/image8.png",
        "arn:aws:s3:::app-storage/files/config/users/image4.png",
        "arn:aws:s3:::app-storage/files/image1.png",
        "arn:aws:s3:::mybucket/data/image8.png",
        "arn:aws:s3:::data-bucket/data/users/config/file5.txt",
        "arn:aws:s3:::mybucket/data/data/image4.png",
        "arn:aws:s3:::app-storage/backups/data/image2.png",
        "arn:aws:s3:::data-bucket/file3.txt",
        "arn:aws:s3:::data-bucket/backups/logs/users/image7.png",
        "arn:aws:s3:::mybucket/files/image4.png",
        "arn:aws:s3:::app-storage/logs/images/file2.txt",
        "arn:aws:s3:::data-bucket/data/image2.png",
        "arn:aws:s3:::bucket1/file6.txt",
        "arn:aws:s3:::mybucket/config/config/config/image7.png",
        "arn:aws:s3:::mybucket/backups/config/backups/image6.png",
        "arn:aws:s3:::app-storage/config/file8.txt",
        "arn:aws:s3:::app-storage/config/users/backups/file5.txt",
        "arn:aws:s3:::mybucket/image9.png",
        "arn:aws:s3:::bucket1/users/logs/users/image9.png",
        "arn:aws:s3:::data-bucket/config/files/backups/file2.txt",
        "arn:aws:s3:::bucket1/files/users/backups/file7.txt",
        "arn:aws:s3:::bucket1/logs/image8.png",
        "arn:aws:s3:::mybucket/data/images/image8.png",
        "arn:aws:s3:::bucket1/config/files/logs/file1.txt"
      ]
    },
    {
      "Sid": "DenySpecificActionsOnSecretStuff",
      "Effect": "Deny",
      "Principal": {
        "AWS": "arn:aws:iam::123456789012:user/bob"
      },
      "Action": [
        "s3:GetObjectVersion",
        "s3:GetBucketAcl",
        "s3:GetBucketVersioning",
        "s3:PutBucketVersioning",
        "s3:PutObjectAcl",
        "s3:GetObjectAcl",
        "s3:ListBucket",
        "s3:DeleteBucket",
        "s3:GetObject",
        "s3:PutBucketPolicy",
        "s3:GetBucketPolicy",
        "s3:GetObjectTagging"
      ],
      "Resource": [
        "arn:aws:s3:::secret/stuff0",
        "arn:aws:s3:::secret/stuff1",
        "arn:aws:s3:::secret/stuff2",
        "arn:aws:s3:::secret/stuff3",
        "arn:aws:s3:::secret/stuff4",
        "arn:aws:s3:::secret/stuff5",
        "arn:aws:s3:::secret/stuff6",
        "arn:aws:s3:::secret/stuff7",
        "arn:aws:s3:::secret/stuff8",
        "arn:aws:s3:::secret/stuff9",
        "arn:aws:s3:::secret/stuff10",
        "arn:aws:s3:::secret/stuff11",
        "arn:aws:s3:::secret/stuff12",
        "arn:aws:s3:::secret/stuff13",
        "arn:aws:s3:::secret/stuff14",
        "arn:aws:s3:::secret/stuff15",
        "arn:aws:s3:::secret/stuff16",
        "arn:aws:s3:::secret/stuff17"
      ]
    }
  ]
}