{
  "Version": "2012-10-17",
  "Statement": [
    {
      "Sid": "AllowSpecificActionsForBobOnSelectedResources",
      "Effect": "Allow",
      "Principal": {
        "AWS": "arn:aws:iam::123456789012:user/bob"
      },
      "Action": [
        "s3:CreateBucket",
        "s3:DeleteBucket",
        "s3:GetObjectTagging",
        "s3:GetBucketPolicy",
        "s3:GetObjectAcl",
        "s3:DeleteObject",
        "s3:GetBucketAcl",
        "s3:ListBucket",
        "s3:GetBucketVersioning",
        "s3:PutObject",
        "s3:GetObject",
        "s3:PutObjectTagging",
        "s3:PutBucketVersioning",
        "s3:ListBucketVersions",
        "s3:PutBucketPolicy",
        "s3:GetObjectVersion",
        "s3:GetBucketLocation",
        "s3:PutObjectAcl",
        "s3:PutBucketAcl"
      ],
      "Resource": [
        "arn:aws:s3:::mybucket",
        "arn:aws:s3:::app-storage",
        "arn:aws:s3:::data-bucket",
        "arn:aws:s3:::bucket1",
        "arn:aws:s3:::mybucket/*",
        "arn:aws:s3:::app-storage/*",
        "arn:aws:s3:::data-bucket/*",
        "arn:aws:s3:::bucket1/*"
      ]
    },
    {
      "Sid": "DenySpecificActionsForBobOnSecretResources",
      "Effect": "Deny",
      "Principal": {
        "AWS": "arn:aws:iam::123456789012:user/bob"
      },
      "Action": [
        "s3:ListBucket",
        "s3:PutBucketVersioning",
        "s3:GetBucketPolicy",
        "s3:DeleteBucket",
        "s3:GetBucketVersioning",
        "s3:GetObjectVersion",
        "s3:PutBucketPolicy",
        "s3:PutObjectAcl",
        "s3:ListBucketVersions",
        "s3:PutObject",
        "s3:PutBucketAcl",
        "s3:GetBucketLocation",
        "s3:GetBucketAcl",
        "s3:DeleteObject"
      ],
      "Resource": [
        "arn:aws:s3:::secret/stuff0",
        "arn:aws:s3:::secret/stuff1",
        "arn:aws:s3:::secret/stuff2",
        "arn:aws:s3:::secret/stuff3",
        "arn:aws:s3:::secret/stuff4",
        "arn:aws:s3:::secret/stuff5/*",
        "arn:aws:s3:::secret/stuff6",
        "arn:aws:s3:::secret/stuff7/*",
        "arn:aws:s3:::secret/stuff8",
        "arn:aws:s3:::secret/stuff9/*",
        "arn:aws:s3:::secret/stuff10",
        "arn:aws:s3:::secret/stuff11",
        "arn:aws:s3:::secret/stuff12",
        "arn:aws:s3:::secret/stuff13",
        "arn:aws:s3:::secret/stuff14",
        "arn:aws:s3:::secret/stuff15",
        "arn:aws:s3:::secret/stuff16/*",
        "arn:aws:s3:::secret/stuff17",
        "arn:aws:s3:::secret/stuff18",
        "arn:aws:s3:::secret/stuff19/*"
      ]
    }
  ]
}