{
  "Version": "2012-10-17",
  "Statement": [
    {
      "Sid": "AllowSpecificActionsForBob",
      "Effect": "Allow",
      "Principal": {
        "AWS": "arn:aws:iam::123456789012:user/bob"
      },
      "Action": [
        "s3:PutBucketPolicy",
        "s3:DeleteBucket",
        "s3:CreateBucket",
        "s3:GetBucketAcl",
        "s3:ListBucket",
        "s3:DeleteObject",
        "s3:ListBucketVersions",
        "s3:GetBucketPolicy",
        "s3:PutObjectAcl",
        "s3:GetObjectTagging",
        "s3:GetObjectAcl",
        "s3:GetBucketVersioning",
        "s3:PutObjectTagging",
        "s3:PutBucketAcl",
        "s3:GetObjectVersion",
        "s3:PutObject",
        "s3:PutBucketVersioning"
      ],
      "Resource": [
        "arn:aws:s3:::mybucket",
        "arn:aws:s3:::app-storage",
        "arn:aws:s3:::bucket1",
        "arn:aws:s3:::data-bucket",
        "arn:aws:s3:::app-storage/image7.png",
        "arn:aws:s3:::mybucket/images/backups/file6.txt",
        "arn:aws:s3:::app-storage/backups/data/config/image7.png",
        "arn:aws:s3:::mybucket/config/config/users/file8.txt",
        "arn:aws:s3:::mybucket/config/data/file7.txt",
        "arn:aws:s3:::data-bucket/data/file8.txt",
        "arn:aws:s3:::app-storage/backups/image9.png",
        "arn:aws:s3:::app-storage/file7.txt",
        "arn:aws:s3:::app-storage/users/config/config/image6.png",
        "arn:aws:s3:::data-bucket/images/images/image3.png",
        "arn:aws:s3:::bucket1/images/file3.txt",
        "arn:aws:s3:::bucket1/users/images/file8.txt",
        "arn:aws:s3:::bucket1/logs/config/file7.txt",
        "arn:aws:s3:::bucket1/files/images/image2.png",
        "arn:aws:s3:::bucket1/data/backups/backups/file8.txt"
      ]
    },
    {
      "Sid": "DenySpecificActionsForBobOnSecret",
      "Effect": "Deny",
      "Principal": {
        "AWS": "arn:aws:iam::123456789012:user/bob"
      },
      "Action": [
        "s3:PutObjectTagging",
        "s3:PutBucketPolicy",
        "s3:GetObjectAcl",
        "s3:PutObject",
        "s3:DeleteBucket",
        "s3:PutBucketVersioning",
        "s3:GetBucketPolicy",
        "s3:ListBucket",
        "s3:DeleteObject",
        "s3:GetBucketLocation",
        "s3:ListBucketVersions"
      ],
      "Resource": [
        "arn:aws:s3:::secret/stuff0",
        "arn:aws:s3:::secret/stuff1",
        "arn:aws:s3:::secret/stuff2",
        "arn:aws:s3:::secret/stuff3",
        "arn:aws:s3:::secret/stuff4",
        "arn:aws:s3:::secret/stuff5",
        "arn:aws:s3:::secret/stuff6",
        "arn:aws:s3:::secret/stuff7",
        "arn:aws:s3:::secret/stuff8",
        "arn:aws:s3:::secret/stuff9",
        "arn:aws:s3:::secret/stuff10",
        "arn:aws:s3:::secret/stuff11",
        "arn:aws:s3:::secret/stuff12",
        "arn:aws:s3:::secret/stuff13",
        "arn:aws:s3:::secret/stuff14",
        "arn:aws:s3:::secret/stuff15",
        "arn:aws:s3:::secret/stuff16"
      ]
    }
  ]
}