{
  "Version": "2012-10-17",
  "Statement": [
    {
      "Effect": "Allow",
      "Principal": {
        "AWS": "arn:aws:iam::123456789012:user/bob"
      },
      "Action": [
        "s3:GetObjectTagging",
        "s3:PutObjectTagging",
        "s3:GetObject",
        "s3:ListBucket",
        "s3:PutObject",
        "s3:PutBucketPolicy",
        "s3:GetBucketLocation",
        "s3:ListBucketVersions",
        "s3:GetObjectAcl",
        "s3:GetBucketPolicy",
        "s3:DeleteObject",
        "s3:GetBucketVersioning",
        "s3:GetBucketAcl",
        "s3:PutObjectAcl",
        "s3:CreateBucket",
        "s3:DeleteBucket",
        "s3:PutBucketVersioning",
        "s3:GetObjectVersion"
      ],
      "Resource": [
        "arn:aws:s3:::data-bucket/file4.txt",
        "arn:aws:s3:::data-bucket/data/data/data/file3.txt",
        "arn:aws:s3:::data-bucket/files/files/image1.png",
        "arn:aws:s3:::mybucket/image7.png",
        "arn:aws:s3:::bucket1",
        "arn:aws:s3:::mybucket/config/file2.txt",
        "arn:aws:s3:::app-storage",
        "arn:aws:s3:::mybucket",
        "arn:aws:s3:::bucket1/image9.png",
        "arn:aws:s3:::bucket1/file3.txt",
        "arn:aws:s3:::app-storage/logs/image8.png",
        "arn:aws:s3:::bucket1/data/files/image4.png",
        "arn:aws:s3:::app-storage/files/image4.png",
        "arn:aws:s3:::data-bucket/backups/data/file3.txt",
        "arn:aws:s3:::bucket1/config/file8.txt",
        "arn:aws:s3:::bucket1/logs/image3.png",
        "arn:aws:s3:::data-bucket/images/image8.png",
        "arn:aws:s3:::mybucket/file9.txt",
        "arn:aws:s3:::bucket1",
        "arn:aws:s3:::data-bucket/backups/image2.png"
      ]
    },
    {
      "Effect": "Deny",
      "Principal": {
        "AWS": "arn:aws:iam::123456789012:user/bob"
      },
      "Action": [
        "s3:ListBucketVersions",
        "s3:GetObjectAcl",
        "s3:GetObject",
        "s3:DeleteObject",
        "s3:PutObjectAcl",
        "s3:GetObjectVersion",
        "s3:DeleteBucket",
        "s3:GetBucketLocation"
      ],
      "Resource": [
        "arn:aws:s3:::secret/stuff0",
        "arn:aws:s3:::secret/stuff1",
        "arn:aws:s3:::secret/stuff2",
        "arn:aws:s3:::secret/stuff3",
        "arn:aws:s3:::secret/stuff4",
        "arn:aws:s3:::secret/stuff5",
        "arn:aws:s3:::secret/stuff6",
        "arn:aws:s3:::secret/stuff7",
        "arn:aws:s3:::secret/stuff8",
        "arn:aws:s3:::secret/stuff9",
        "arn:aws:s3:::secret/stuff10",
        "arn:aws:s3:::secret/stuff11",
        "arn:aws:s3:::secret/stuff12",
        "arn:aws:s3:::secret/stuff13",
        "arn:aws:s3:::secret/stuff14"
      ]
    }
  ]
}