{
  "Version": "2012-10-17",
  "Statement": [
    {
      "Sid": "AllowSpecificActions",
      "Effect": "Allow",
      "Principal": {
        "AWS": "arn:aws:iam::123456789012:user/bob"
      },
      "Action": [
        "s3:PutObject",
        "s3:GetObjectAcl",
        "s3:DeleteObject",
        "s3:PutObjectTagging",
        "s3:GetBucketPolicy",
        "s3:GetObjectTagging",
        "s3:CreateBucket",
        "s3:PutBucketAcl",
        "s3:ListBucketVersions",
        "s3:PutBucketVersioning",
        "s3:GetObjectVersion",
        "s3:GetBucketVersioning",
        "s3:GetBucketLocation",
        "s3:GetObject",
        "s3:ListBucket"
      ],
      "Resource": [
        "arn:aws:s3:::app-storage/logs/file1.txt",
        "arn:aws:s3:::data-bucket/images/users/data/file7.txt",
        "arn:aws:s3:::mybucket/logs/file5.txt",
        "arn:aws:s3:::app-storage/config/data/file2.txt",
        "arn:aws:s3:::app-storage",
        "arn:aws:s3:::bucket1/users/users/file2.txt",
        "arn:aws:s3:::mybucket",
        "arn:aws:s3:::bucket1/logs/backups/image5.png",
        "arn:aws:s3:::app-storage/file9.txt",
        "arn:aws:s3:::data-bucket/image3.png",
        "arn:aws:s3:::app-storage/files/image9.png",
        "arn:aws:s3:::app-storage/files/users/image1.png",
        "arn:aws:s3:::bucket1"
      ]
    },
    {
      "Sid": "DenySpecificActionsOnSecret",
      "Effect": "Deny",
      "Principal": {
        "AWS": "arn:aws:iam::123456789012:user/bob"
      },
      "Action": [
        "s3:PutObjectTagging",
        "s3:PutObject",
        "s3:PutBucketPolicy",
        "s3:GetObjectVersion",
        "s3:ListBucket",
        "s3:DeleteObject",
        "s3:PutBucketVersioning",
        "s3:ListBucketVersions",
        "s3:GetObjectTagging",
        "s3:PutBucketAcl",
        "s3:GetBucketLocation",
        "s3:GetBucketPolicy",
        "s3:GetBucketAcl",
        "s3:CreateBucket"
      ],
      "Resource": [
        "arn:aws:s3:::secret/stuff0",
        "arn:aws:s3:::secret/stuff1",
        "arn:aws:s3:::secret/stuff2",
        "arn:aws:s3:::secret/stuff3",
        "arn:aws:s3:::secret/stuff4",
        "arn:aws:s3:::secret/stuff5",
        "arn:aws:s3:::secret/stuff6",
        "arn:aws:s3:::secret/stuff7",
        "arn:aws:s3:::secret/stuff8",
        "arn:aws:s3:::secret/stuff9",
        "arn:aws:s3:::secret/stuff10",
        "arn:aws:s3:::secret/stuff11",
        "arn:aws:s3:::secret/stuff12",
        "arn:aws:s3:::secret/stuff13",
        "arn:aws:s3:::secret/stuff14",
        "arn:aws:s3:::secret/stuff15",
        "arn:aws:s3:::secret/stuff16",
        "arn:aws:s3:::secret/stuff17",
        "arn:aws:s3:::secret/stuff18",
        "arn:aws:s3:::secret/stuff19"
      ]
    }
  ]
}