{
  "Version": "2012-10-17",
  "Statement": [
    {
      "Effect": "Allow",
      "Principal": {
        "AWS": "arn:aws:iam::123456789012:user/bob"
      },
      "Action": [
        "s3:GetBucketVersioning",
        "s3:PutObject",
        "s3:DeleteBucket",
        "s3:DeleteObject",
        "s3:PutBucketAcl",
        "s3:GetObjectVersion",
        "s3:GetObjectAcl",
        "s3:PutBucketPolicy",
        "s3:GetObjectTagging",
        "s3:GetObject",
        "s3:GetBucketLocation",
        "s3:ListBucket",
        "s3:PutObjectAcl",
        "s3:GetBucketAcl",
        "s3:ListBucketVersions",
        "s3:PutObjectTagging",
        "s3:PutBucketVersioning",
        "s3:CreateBucket"
      ],
      "Resource": [
        "arn:aws:s3:::data-bucket",
        "arn:aws:s3:::app-storage/image8.png",
        "arn:aws:s3:::mybucket",
        "arn:aws:s3:::bucket1/file2.txt",
        "arn:aws:s3:::data-bucket/file3.txt",
        "arn:aws:s3:::data-bucket/data/file1.txt",
        "arn:aws:s3:::mybucket/image5.png",
        "arn:aws:s3:::bucket1",
        "arn:aws:s3:::mybucket/backups/data/image1.png",
        "arn:aws:s3:::bucket1/images/image8.png",
        "arn:aws:s3:::mybucket/config/file5.txt",
        "arn:aws:s3:::app-storage",
        "arn:aws:s3:::app-storage/images/images/file7.txt",
        "arn:aws:s3:::app-storage/files/file8.txt",
        "arn:aws:s3:::data-bucket/users/images/backups/image3.png",
        "arn:aws:s3:::mybucket/logs/logs/file4.txt",
        "arn:aws:s3:::data-bucket/backups/file2.txt",
        "arn:aws:s3:::bucket1/users/image7.png",
        "arn:aws:s3:::data-bucket/users/images/image1.png",
        "arn:aws:s3:::app-storage/backups/config/users/image3.png",
        "arn:aws:s3:::data-bucket/file6.txt",
        "arn:aws:s3:::app-storage/backups/config/image2.png",
        "arn:aws:s3:::bucket1/images/users/file3.txt",
        "arn:aws:s3:::data-bucket/data/backups/config/image5.png",
        "arn:aws:s3:::mybucket/users/file3.txt",
        "arn:aws:s3:::bucket1/images/users/file4.txt",
        "arn:aws:s3:::data-bucket/users/images/file7.txt",
        "arn:aws:s3:::mybucket/logs/config/images/file2.txt",
        "arn:aws:s3:::data-bucket/file7.txt",
        "arn:aws:s3:::mybucket/backups/config/data/file6.txt",
        "arn:aws:s3:::mybucket/data/backups/logs/file5.txt",
        "arn:aws:s3:::mybucket/logs/backups/file3.txt",
        "arn:aws:s3:::app-storage/config/users/file5.txt",
        "arn:aws:s3:::app-storage/image7.png",
        "arn:aws:s3:::app-storage/images/files/image8.png",
        "arn:aws:s3:::bucket1/users/data/image8.png",
        "arn:aws:s3:::data-bucket/images/file2.txt",
        "arn:aws:s3:::data-bucket/file3.txt"
      ]
    },
    {
      "Effect": "Deny",
      "Principal": {
        "AWS": "arn:aws:iam::123456789012:user/bob"
      },
      "Action": [
        "s3:PutBucketPolicy",
        "s3:PutObject",
        "s3:DeleteObject",
        "s3:GetBucketVersioning",
        "s3:PutBucketVersioning",
        "s3:GetBucketPolicy",
        "s3:GetBucketAcl"
      ],
      "Resource": [
        "arn:aws:s3:::secret/stuff0",
        "arn:aws:s3:::secret/stuff1",
        "arn:aws:s3:::secret/stuff2",
        "arn:aws:s3:::secret/stuff3",
        "arn:aws:s3:::secret/stuff4",
        "arn:aws:s3:::secret/stuff5",
        "arn:aws:s3:::secret/stuff6",
        "arn:aws:s3:::secret/stuff7"
      ]
    }
  ]
}