{
  "Version": "2012-10-17",
  "Statement": [
    {
      "Effect": "Allow",
      "Principal": {
        "AWS": "arn:aws:iam::123456789012:user/bob"
      },
      "Action": [
        "s3:GetObjectVersion",
        "s3:PutBucketVersioning",
        "s3:DeleteBucket",
        "s3:PutObjectAcl",
        "s3:DeleteObject",
        "s3:PutObjectTagging",
        "s3:GetObject",
        "s3:PutBucketPolicy",
        "s3:GetBucketLocation",
        "s3:GetObjectTagging",
        "s3:ListBucketVersions",
        "s3:GetObjectAcl",
        "s3:GetBucketVersioning",
        "s3:ListBucket",
        "s3:PutBucketAcl",
        "s3:GetBucketAcl",
        "s3:CreateBucket",
        "s3:PutObject"
      ],
      "Resource": [
        "arn:aws:s3:::bucket1/file4.txt",
        "arn:aws:s3:::mybucket",
        "arn:aws:s3:::app-storage",
        "arn:aws:s3:::app-storage/users/data/config/image2.png",
        "arn:aws:s3:::app-storage/images/config/logs/image4.png",
        "arn:aws:s3:::app-storage/image9.png",
        "arn:aws:s3:::data-bucket/image1.png",
        "arn:aws:s3:::mybucket/backups/files/logs/file7.txt",
        "arn:aws:s3:::data-bucket",
        "arn:aws:s3:::bucket1",
        "arn:aws:s3:::mybucket/images/image5.png",
        "arn:aws:s3:::data-bucket/backups/data/image6.png",
        "arn:aws:s3:::bucket1/files/logs/data/file1.txt",
        "arn:aws:s3:::data-bucket/file4.txt",
        "arn:aws:s3:::bucket1/files/image6.png",
        "arn:aws:s3:::mybucket/files/data/users/file1.txt",
        "arn:aws:s3:::mybucket/config/data/file6.txt",
        "arn:aws:s3:::app-storage",
        "arn:aws:s3:::app-storage/file5.txt",
        "arn:aws:s3:::app-storage/file3.txt",
        "arn:aws:s3:::app-storage/logs/images/image3.png",
        "arn:aws:s3:::data-bucket/backups/file3.txt",
        "arn:aws:s3:::app-storage/images/image8.png",
        "arn:aws:s3:::bucket1/images/file3.txt",
        "arn:aws:s3:::mybucket/logs/backups/file2.txt",
        "arn:aws:s3:::bucket1/file1.txt",
        "arn:aws:s3:::data-bucket/images/image4.png",
        "arn:aws:s3:::data-bucket/backups/image7.png",
        "arn:aws:s3:::data-bucket/backups/users/images/image3.png",
        "arn:aws:s3:::bucket1/logs/logs/image8.png"
      ]
    },
    {
      "Effect": "Deny",
      "Principal": {
        "AWS": "arn:aws:iam::123456789012:user/bob"
      },
      "Action": [
        "s3:GetBucketLocation",
        "s3:PutBucketPolicy",
        "s3:PutObject",
        "s3:GetObjectVersion",
        "s3:GetBucketAcl",
        "s3:DeleteBucket",
        "s3:PutObjectTagging",
        "s3:DeleteObject",
        "s3:PutBucketAcl",
        "s3:GetBucketVersioning",
        "s3:GetObject",
        "s3:GetBucketPolicy"
      ],
      "Resource": [
        "arn:aws:s3:::secret/stuff0",
        "arn:aws:s3:::secret/stuff1",
        "arn:aws:s3:::secret/stuff2",
        "arn:aws:s3:::secret/stuff3",
        "arn:aws:s3:::secret/stuff4",
        "arn:aws:s3:::secret/stuff5",
        "arn:aws:s3:::secret/stuff6",
        "arn:aws:s3:::secret/stuff7",
        "arn:aws:s3:::secret/stuff8",
        "arn:aws:s3:::secret/stuff9",
        "arn:aws:s3:::secret/stuff10",
        "arn:aws:s3:::secret/stuff11",
        "arn:aws:s3:::secret/stuff12",
        "arn:aws:s3:::secret/stuff13",
        "arn:aws:s3:::secret/stuff14",
        "arn:aws:s3:::secret/stuff15",
        "arn:aws:s3:::secret/stuff16"
      ]
    }
  ]
}