{
  "Version": "2012-10-17",
  "Statement": [
    {
      "Sid": "AllowSpecificS3Actions",
      "Effect": "Allow",
      "Principal": {
        "AWS": "arn:aws:iam::123456789012:user/bob"
      },
      "Action": [
        "s3:DeleteObject",
        "s3:GetBucketVersioning",
        "s3:GetBucketAcl",
        "s3:GetBucketPolicy",
        "s3:GetObject",
        "s3:PutObjectAcl",
        "s3:ListBucketVersions",
        "s3:ListBucket",
        "s3:PutBucketVersioning",
        "s3:CreateBucket",
        "s3:PutObject",
        "s3:GetBucketLocation",
        "s3:PutObjectTagging",
        "s3:PutBucketAcl",
        "s3:GetObjectAcl",
        "s3:GetObjectVersion",
        "s3:DeleteBucket",
        "s3:GetObjectTagging"
      ],
      "Resource": [
        "arn:aws:s3:::data-bucket/file5.txt",
        "arn:aws:s3:::data-bucket",
        "arn:aws:s3:::bucket1",
        "arn:aws:s3:::app-storage",
        "arn:aws:s3:::app-storage/logs/logs/image3.png",
        "arn:aws:s3:::app-storage/images/file4.txt",
        "arn:aws:s3:::data-bucket/data/file8.txt",
        "arn:aws:s3:::bucket1/data/users/image7.png",
        "arn:aws:s3:::bucket1/files/files/file7.txt",
        "arn:aws:s3:::bucket1/file2.txt",
        "arn:aws:s3:::mybucket",
        "arn:aws:s3:::bucket1/image5.png",
        "arn:aws:s3:::data-bucket/data/config/backups/file5.txt",
        "arn:aws:s3:::app-storage/logs/config/image3.png",
        "arn:aws:s3:::data-bucket/logs/config/config/file4.txt",
        "arn:aws:s3:::app-storage/file8.txt",
        "arn:aws:s3:::data-bucket/users/images/data/file6.txt",
        "arn:aws:s3:::bucket1/users/images/files/file2.txt",
        "arn:aws:s3:::app-storage/backups/file5.txt",
        "arn:aws:s3:::mybucket/users/file4.txt",
        "arn:aws:s3:::bucket1/file6.txt",
        "arn:aws:s3:::data-bucket/images/images/files/file4.txt",
        "arn:aws:s3:::bucket1/backups/image7.png",
        "arn:aws:s3:::mybucket/backups/files/file3.txt",
        "arn:aws:s3:::app-storage/users/image1.png",
        "arn:aws:s3:::data-bucket/images/image8.png",
        "arn:aws:s3:::app-storage/logs/backups/file3.txt",
        "arn:aws:s3:::bucket1/data/files/files/file7.txt",
        "arn:aws:s3:::mybucket/config/image6.png",
        "arn:aws:s3:::mybucket/logs/images/file1.txt",
        "arn:aws:s3:::bucket1/file4.txt",
        "arn:aws:s3:::mybucket/users/logs/files/image7.png"
      ]
    },
    {
      "Sid": "DenySpecificS3Actions",
      "Effect": "Deny",
      "Principal": {
        "AWS": "arn:aws:iam::123456789012:user/bob"
      },
      "Action": [
        "s3:PutObject",
        "s3:ListBucket",
        "s3:PutBucketAcl",
        "s3:GetObjectTagging",
        "s3:GetBucketPolicy",
        "s3:GetObject"
      ],
      "Resource": [
        "arn:aws:s3:::secret/stuff0",
        "arn:aws:s3:::secret/stuff1",
        "arn:aws:s3:::secret/stuff2",
        "arn:aws:s3:::secret/stuff3",
        "arn:aws:s3:::secret/stuff4",
        "arn:aws:s3:::secret/stuff5",
        "arn:aws:s3:::secret/stuff6"
      ]
    }
  ]
}