{
  "Version": "2012-10-17",
  "Statement": [
    {
      "Effect": "Allow",
      "Principal": {
        "AWS": "arn:aws:iam::123456789012:user/bob"
      },
      "Action": [
        "s3:PutObjectTagging",
        "s3:PutBucketAcl",
        "s3:ListBucketVersions",
        "s3:GetBucketAcl",
        "s3:PutObject",
        "s3:PutBucketPolicy",
        "s3:DeleteBucket",
        "s3:GetObjectVersion",
        "s3:CreateBucket",
        "s3:GetBucketLocation",
        "s3:PutObjectAcl",
        "s3:GetObject",
        "s3:ListBucket",
        "s3:DeleteObject",
        "s3:GetBucketPolicy",
        "s3:GetObjectTagging",
        "s3:PutBucketVersioning",
        "s3:GetBucketVersioning"
      ],
      "Resource": [
        "arn:aws:s3:::app-storage/images/image6.png",
        "arn:aws:s3:::data-bucket",
        "arn:aws:s3:::mybucket",
        "arn:aws:s3:::bucket1/backups/image3.png",
        "arn:aws:s3:::app-storage/backups/file5.txt",
        "arn:aws:s3:::bucket1",
        "arn:aws:s3:::app-storage/config/files/config/image9.png",
        "arn:aws:s3:::data-bucket/logs/image8.png",
        "arn:aws:s3:::data-bucket/images/data/users/file2.txt",
        "arn:aws:s3:::mybucket/data/logs/file1.txt",
        "arn:aws:s3:::bucket1/images/data/image5.png",
        "arn:aws:s3:::bucket1/files/config/users/image9.png",
        "arn:aws:s3:::data-bucket/backups/backups/image4.png",
        "arn:aws:s3:::data-bucket/users/data/logs/file4.txt",
        "arn:aws:s3:::app-storage/images/image9.png",
        "arn:aws:s3:::app-storage/config/logs/images/image3.png",
        "arn:aws:s3:::app-storage/file4.txt",
        "arn:aws:s3:::bucket1/users/backups/data/file3.txt",
        "arn:aws:s3:::data-bucket/images/file2.txt",
        "arn:aws:s3:::bucket1/logs/file6.txt",
        "arn:aws:s3:::app-storage/images/image2.png",
        "arn:aws:s3:::mybucket/images/users/files/image4.png",
        "arn:aws:s3:::mybucket/image1.png",
        "arn:aws:s3:::data-bucket/data/logs/image3.png"
      ]
    },
    {
      "Effect": "Deny",
      "Principal": {
        "AWS": "arn:aws:iam::123456789012:user/bob"
      },
      "Action": [
        "s3:GetBucketVersioning",
        "s3:PutObject",
        "s3:GetObjectAcl",
        "s3:ListBucketVersions",
        "s3:PutBucketVersioning",
        "s3:GetBucketAcl"
      ],
      "Resource": [
        "arn:aws:s3:::secret/stuff0",
        "arn:aws:s3:::secret/stuff1",
        "arn:aws:s3:::secret/stuff2",
        "arn:aws:s3:::secret/stuff3",
        "arn:aws:s3:::secret/stuff4",
        "arn:aws:s3:::secret/stuff5",
        "arn:aws:s3:::secret/stuff6",
        "arn:aws:s3:::secret/stuff7"
      ]
    }
  ]
}