{
  "Version": "2012-10-17",
  "Statement": [
    {
      "Sid": "AllowSpecificActionsForBob",
      "Effect": "Allow",
      "Principal": {
        "AWS": "arn:aws:iam::ACCOUNT-ID-WITHOUT-HYPHENS:user/bob"
      },
      "Action": [
        "s3:GetObjectVersion",
        "s3:PutBucketAcl",
        "s3:ListBucketVersions",
        "s3:GetBucketVersioning",
        "s3:PutObjectAcl",
        "s3:GetObjectAcl",
        "s3:GetObject",
        "s3:GetBucketLocation",
        "s3:PutObjectTagging",
        "s3:GetBucketPolicy",
        "s3:CreateBucket",
        "s3:ListBucket",
        "s3:DeleteBucket",
        "s3:PutBucketPolicy",
        "s3:PutObject",
        "s3:DeleteObject",
        "s3:GetObjectTagging",
        "s3:GetBucketAcl",
        "s3:PutBucketVersioning"
      ],
      "Resource": [
        "arn:aws:s3:::bucket1/config/image3.png",
        "arn:aws:s3:::bucket1",
        "arn:aws:s3:::data-bucket",
        "arn:aws:s3:::app-storage",
        "arn:aws:s3:::data-bucket/images/file3.txt",
        "arn:aws:s3:::app-storage/logs/data/image1.png",
        "arn:aws:s3:::app-storage/backups/data/backups/image9.png",
        "arn:aws:s3:::app-storage/images/backups/users/file8.txt",
        "arn:aws:s3:::mybucket",
        "arn:aws:s3:::app-storage/data/image3.png",
        "arn:aws:s3:::app-storage/images/files/image7.png",
        "arn:aws:s3:::bucket1/files/users/logs/file4.txt",
        "arn:aws:s3:::data-bucket/file5.txt",
        "arn:aws:s3:::app-storage/config/file8.txt",
        "arn:aws:s3:::bucket1/data/file8.txt",
        "arn:aws:s3:::data-bucket/config/users/logs/file6.txt",
        "arn:aws:s3:::data-bucket/backups/image8.png",
        "arn:aws:s3:::data-bucket/logs/images/image6.png",
        "arn:aws:s3:::data-bucket/data/data/image8.png",
        "arn:aws:s3:::mybucket/files/images/image5.png",
        "arn:aws:s3:::data-bucket/logs/data/file5.txt"
      ]
    },
    {
      "Sid": "DenySpecificActionsForBobOnSecretStuff",
      "Effect": "Deny",
      "Principal": {
        "AWS": "arn:aws:iam::ACCOUNT-ID-WITHOUT-HYPHENS:user/bob"
      },
      "Action": [
        "s3:PutBucketPolicy",
        "s3:PutBucketAcl",
        "s3:GetBucketVersioning",
        "s3:GetBucketPolicy",
        "s3:PutObject",
        "s3:GetObjectVersion",
        "s3:GetBucketAcl"
      ],
      "Resource": [
        "arn:aws:s3:::secret/stuff0",
        "arn:aws:s3:::secret/stuff1",
        "arn:aws:s3:::secret/stuff2",
        "arn:aws:s3:::secret/stuff3",
        "arn:aws:s3:::secret/stuff4",
        "arn:aws:s3:::secret/stuff5",
        "arn:aws:s3:::secret/stuff6",
        "arn:aws:s3:::secret/stuff7"
      ]
    }
  ]
}