{
  "Version": "2012-10-17",
  "Statement": [
    {
      "Effect": "Allow",
      "Principal": {
        "AWS": "arn:aws:iam::123456789012:user/bob"
      },
      "Action": [
        "s3:ListBucket",
        "s3:PutBucketVersioning",
        "s3:GetObjectTagging",
        "s3:GetBucketVersioning",
        "s3:CreateBucket",
        "s3:PutBucketPolicy",
        "s3:ListBucketVersions",
        "s3:DeleteObject",
        "s3:PutBucketAcl",
        "s3:GetObject",
        "s3:GetObjectAcl",
        "s3:GetBucketLocation",
        "s3:DeleteBucket",
        "s3:PutObjectTagging",
        "s3:PutObject",
        "s3:PutObjectAcl",
        "s3:GetBucketAcl"
      ],
      "Resource": [
        "arn:aws:s3:::app-storage",
        "arn:aws:s3:::bucket1",
        "arn:aws:s3:::app-storage/backups/users/users/file1.txt",
        "arn:aws:s3:::data-bucket",
        "arn:aws:s3:::data-bucket/images/file4.txt",
        "arn:aws:s3:::app-storage/images/file1.txt",
        "arn:aws:s3:::mybucket",
        "arn:aws:s3:::data-bucket/config/image4.png",
        "arn:aws:s3:::bucket1/images/file5.txt",
        "arn:aws:s3:::bucket1/files/file2.txt",
        "arn:aws:s3:::bucket1/files/config/files/image8.png",
        "arn:aws:s3:::app-storage/files/file3.txt",
        "arn:aws:s3:::bucket1/users/file5.txt",
        "arn:aws:s3:::mybucket/config/images/image8.png",
        "arn:aws:s3:::app-storage/image8.png",
        "arn:aws:s3:::mybucket/users/logs/images/image3.png",
        "arn:aws:s3:::mybucket/data/image5.png"
      ]
    },
    {
      "Effect": "Deny",
      "Principal": {
        "AWS": "arn:aws:iam::123456789012:user/bob"
      },
      "Action": [
        "s3:GetObject",
        "s3:GetObjectAcl",
        "s3:GetBucketVersioning",
        "s3:CreateBucket",
        "s3:PutBucketVersioning",
        "s3:PutObject",
        "s3:DeleteBucket",
        "s3:GetBucketPolicy"
      ],
      "Resource": [
        "arn:aws:s3:::secret/stuff0",
        "arn:aws:s3:::secret/stuff1",
        "arn:aws:s3:::secret/stuff2",
        "arn:aws:s3:::secret/stuff3",
        "arn:aws:s3:::secret/stuff4",
        "arn:aws:s3:::secret/stuff5",
        "arn:aws:s3:::secret/stuff6",
        "arn:aws:s3:::secret/stuff7",
        "arn:aws:s3:::secret/stuff8",
        "arn:aws:s3:::secret/stuff9",
        "arn:aws:s3:::secret/stuff10",
        "arn:aws:s3:::secret/stuff11",
        "arn:aws:s3:::secret/stuff12",
        "arn:aws:s3:::secret/stuff13"
      ]
    }
  ]
}