{
  "Version": "2012-10-17",
  "Statement": [
    {
      "Sid": "Allow",
      "Effect": "Allow",
      "Principal": {
        "AWS": "arn:aws:iam::123456789012:user/bob"
      },
      "Action": [
        "s3:PutObjectTagging",
        "s3:GetBucketVersioning",
        "s3:GetObject",
        "s3:ListBucket",
        "s3:PutBucketPolicy",
        "s3:GetBucketAcl",
        "s3:PutObject",
        "s3:PutBucketAcl",
        "s3:GetBucketPolicy",
        "s3:ListBucketVersions",
        "s3:GetObjectVersion",
        "s3:GetObjectAcl",
        "s3:CreateBucket",
        "s3:GetBucketLocation",
        "s3:GetObjectTagging",
        "s3:DeleteObject",
        "s3:PutBucketVersioning"
      ],
      "Resource": [
        "arn:aws:s3:::app-storage/files/file2.txt",
        "arn:aws:s3:::data-bucket/image9.png",
        "arn:aws:s3:::mybucket/users/image9.png",
        "arn:aws:s3:::data-bucket",
        "arn:aws:s3:::mybucket",
        "arn:aws:s3:::app-storage/files/images/image2.png",
        "arn:aws:s3:::mybucket/images/config/backups/file6.txt",
        "arn:aws:s3:::app-storage/image6.png",
        "arn:aws:s3:::bucket1",
        "arn:aws:s3:::app-storage",
        "arn:aws:s3:::mybucket/files/config/logs/image9.png",
        "arn:aws:s3:::data-bucket/users/users/data/image1.png",
        "arn:aws:s3:::mybucket/images/logs/data/file8.txt",
        "arn:aws:s3:::data-bucket/images/file2.txt",
        "arn:aws:s3:::bucket1/backups/backups/image3.png",
        "arn:aws:s3:::mybucket/logs/files/config/image1.png",
        "arn:aws:s3:::mybucket/backups/logs/logs/file8.txt",
        "arn:aws:s3:::mybucket/data/users/file7.txt",
        "arn:aws:s3:::app-storage/file7.txt",
        "arn:aws:s3:::app-storage/image2.png",
        "arn:aws:s3:::bucket1/image4.png",
        "arn:aws:s3:::bucket1/data/users/image9.png",
        "arn:aws:s3:::data-bucket/logs/image1.png",
        "arn:aws:s3:::mybucket/files/files/config/image1.png",
        "arn:aws:s3:::app-storage/images/files/logs/image3.png",
        "arn:aws:s3:::data-bucket/config/config/file6.txt",
        "arn:aws:s3:::bucket1/file4.txt",
        "arn:aws:s3:::bucket1/logs/image3.png",
        "arn:aws:s3:::app-storage/users/backups/users/image6.png",
        "arn:aws:s3:::mybucket/data/image3.png",
        "arn:aws:s3:::mybucket/files/logs/data/image6.png",
        "arn:aws:s3:::data-bucket/config/file7.txt",
        "arn:aws:s3:::bucket1/users/images/config/file5.txt",
        "arn:aws:s3:::data-bucket/image3.png"
      ]
    },
    {
      "Sid": "Deny",
      "Effect": "Deny",
      "Principal": {
        "AWS": "arn:aws:iam::123456789012:user/bob"
      },
      "Action": [
        "s3:DeleteBucket",
        "s3:PutObjectAcl",
        "s3:PutBucketPolicy",
        "s3:ListBucket",
        "s3:PutBucketVersioning",
        "s3:PutObject",
        "s3:DeleteObject",
        "s3:GetBucketLocation"
      ],
      "Resource": [
        "arn:aws:s3:::secret/stuff0",
        "arn:aws:s3:::secret/stuff1",
        "arn:aws:s3:::secret/stuff2",
        "arn:aws:s3:::secret/stuff3",
        "arn:aws:s3:::secret/stuff4",
        "arn:aws:s3:::secret/stuff5",
        "arn:aws:s3:::secret/stuff6",
        "arn:aws:s3:::secret/stuff7",
        "arn:aws:s3:::secret/stuff8",
        "arn:aws:s3:::secret/stuff9",
        "arn:aws:s3:::secret/stuff10",
        "arn:aws:s3:::secret/stuff11",
        "arn:aws:s3:::secret/stuff12",
        "arn:aws:s3:::secret/stuff13"
      ]
    }
  ]
}