{
  "Version": "2012-10-17",
  "Statement": [
    {
      "Sid": "AllowSpecificActions",
      "Effect": "Allow",
      "Principal": {
        "AWS": "arn:aws:iam::123456789012:user/bob"
      },
      "Action": [
        "s3:PutObjectAcl",
        "s3:DeleteObject",
        "s3:GetBucketVersioning",
        "s3:GetBucketLocation",
        "s3:ListBucket",
        "s3:ListBucketVersions",
        "s3:PutBucketPolicy",
        "s3:DeleteBucket",
        "s3:PutBucketAcl",
        "s3:GetObjectTagging",
        "s3:PutObject",
        "s3:GetObject",
        "s3:PutObjectTagging",
        "s3:GetBucketAcl",
        "s3:GetObjectVersion",
        "s3:GetObjectAcl",
        "s3:CreateBucket",
        "s3:GetBucketPolicy"
      ],
      "Resource": [
        "arn:aws:s3:::app-storage/config/images/file1.txt",
        "arn:aws:s3:::mybucket/image1.png",
        "arn:aws:s3:::data-bucket",
        "arn:aws:s3:::app-storage",
        "arn:aws:s3:::bucket1",
        "arn:aws:s3:::mybucket",
        "arn:aws:s3:::bucket1/logs/config/logs/image2.png",
        "arn:aws:s3:::app-storage/images/config/image8.png",
        "arn:aws:s3:::mybucket/backups/files/image9.png",
        "arn:aws:s3:::bucket1/backups/logs/images/image4.png",
        "arn:aws:s3:::data-bucket/images/images/config/image2.png",
        "arn:aws:s3:::app-storage/images/users/backups/image1.png",
        "arn:aws:s3:::mybucket/files/image7.png",
        "arn:aws:s3:::mybucket/images/logs/image2.png",
        "arn:aws:s3:::data-bucket",
        "arn:aws:s3:::app-storage/logs/images/image8.png",
        "arn:aws:s3:::mybucket/config/file7.txt",
        "arn:aws:s3:::mybucket/image6.png",
        "arn:aws:s3:::bucket1/images/images/logs/file9.txt",
        "arn:aws:s3:::data-bucket/data/file1.txt",
        "arn:aws:s3:::bucket1/logs/data/files/file6.txt",
        "arn:aws:s3:::app-storage/users/files/file7.txt",
        "arn:aws:s3:::app-storage/data/data/file2.txt",
        "arn:aws:s3:::bucket1/data/file2.txt",
        "arn:aws:s3:::data-bucket/image4.png",
        "arn:aws:s3:::app-storage/file4.txt",
        "arn:aws:s3:::mybucket/backups/config/file5.txt",
        "arn:aws:s3:::app-storage/image8.png",
        "arn:aws:s3:::app-storage/image4.png",
        "arn:aws:s3:::bucket1/image2.png",
        "arn:aws:s3:::bucket1/file3.txt",
        "arn:aws:s3:::data-bucket/files/users/file8.txt",
        "arn:aws:s3:::app-storage/logs/config/image9.png",
        "arn:aws:s3:::app-storage/files/image4.png",
        "arn:aws:s3:::data-bucket/users/config/files/file6.txt"
      ]
    },
    {
      "Sid": "DenySpecificActionsOnSecretStuff",
      "Effect": "Deny",
      "Principal": {
        "AWS": "arn:aws:iam::123456789012:user/bob"
      },
      "Action": [
        "s3:PutBucketVersioning",
        "s3:GetBucketLocation",
        "s3:PutObjectTagging",
        "s3:PutBucketPolicy",
        "s3:GetBucketAcl",
        "s3:PutObject",
        "s3:PutBucketAcl",
        "s3:GetObjectTagging",
        "s3:PutObjectAcl",
        "s3:DeleteObject",
        "s3:CreateBucket",
        "s3:GetObjectAcl"
      ],
      "Resource": [
        "arn:aws:s3:::secret/stuff0",
        "arn:aws:s3:::secret/stuff1",
        "arn:aws:s3:::secret/stuff2",
        "arn:aws:s3:::secret/stuff3",
        "arn:aws:s3:::secret/stuff4",
        "arn:aws:s3:::secret/stuff5",
        "arn:aws:s3:::secret/stuff6",
        "arn:aws:s3:::secret/stuff7",
        "arn:aws:s3:::secret/stuff8",
        "arn:aws:s3:::secret/stuff9",
        "arn:aws:s3:::secret/stuff10",
        "arn:aws:s3:::secret/stuff11",
        "arn:aws:s3:::secret/stuff12",
        "arn:aws:s3:::secret/stuff13",
        "arn:aws:s3:::secret/stuff14",
        "arn:aws:s3:::secret/stuff15",
        "arn:aws:s3:::secret/stuff16"
      ]
    }
  ]
}