{
  "Version": "2012-10-17",
  "Statement": [
    {
      "Sid": "AllowSpecificActionsForBobOnResources",
      "Effect": "Allow",
      "Principal": {
        "AWS": "arn:aws:iam::123456789012:user/bob"
      },
      "Action": [
        "s3:PutObject",
        "s3:GetObjectAcl",
        "s3:GetBucketPolicy",
        "s3:CreateBucket",
        "s3:PutBucketPolicy",
        "s3:PutObjectTagging",
        "s3:GetBucketAcl",
        "s3:GetBucketVersioning",
        "s3:ListBucketVersions",
        "s3:ListBucket",
        "s3:DeleteBucket",
        "s3:PutBucketAcl",
        "s3:GetObject",
        "s3:DeleteObject",
        "s3:GetObjectTagging",
        "s3:GetBucketLocation",
        "s3:PutBucketVersioning",
        "s3:GetObjectVersion"
      ],
      "Resource": [
        "arn:aws:s3:::app-storage/images/file2.txt",
        "arn:aws:s3:::bucket1/users/data/file6.txt",
        "arn:aws:s3:::mybucket",
        "arn:aws:s3:::data-bucket",
        "arn:aws:s3:::app-storage",
        "arn:aws:s3:::app-storage/data/data/image1.png",
        "arn:aws:s3:::bucket1",
        "arn:aws:s3:::mybucket",
        "arn:aws:s3:::bucket1/image4.png",
        "arn:aws:s3:::app-storage",
        "arn:aws:s3:::data-bucket",
        "arn:aws:s3:::app-storage/backups/files/users/file1.txt",
        "arn:aws:s3:::bucket1",
        "arn:aws:s3:::mybucket/logs/logs/image4.png",
        "arn:aws:s3:::mybucket/images/config/config/image1.png",
        "arn:aws:s3:::mybucket/image2.png",
        "arn:aws:s3:::mybucket",
        "arn:aws:s3:::bucket1/logs/image8.png",
        "arn:aws:s3:::app-storage",
        "arn:aws:s3:::bucket1/users/file7.txt",
        "arn:aws:s3:::bucket1/images/logs/backups/file8.txt",
        "arn:aws:s3:::app-storage/data/backups/file8.txt",
        "arn:aws:s3:::mybucket/users/users/file1.txt",
        "arn:aws:s3:::data-bucket/files/file6.txt",
        "arn:aws:s3:::bucket1/images/image4.png",
        "arn:aws:s3:::data-bucket/config/images/image3.png",
        "arn:aws:s3:::bucket1/backups/image1.png",
        "arn:aws:s3:::app-storage/backups/image6.png",
        "arn:aws:s3:::bucket1/images/file1.txt",
        "arn:aws:s3:::mybucket/files/files/images/file5.txt",
        "arn:aws:s3:::app-storage/image8.png",
        "arn:aws:s3:::bucket1/users/users/config/file6.txt",
        "arn:aws:s3:::mybucket/files/image7.png",
        "arn:aws:s3:::mybucket/users/image7.png",
        "arn:aws:s3:::bucket1/config/backups/file3.txt",
        "arn:aws:s3:::mybucket/images/image4.png",
        "arn:aws:s3:::app-storage/config/image4.png",
        "arn:aws:s3:::app-storage/data/users/file4.txt"
      ]
    },
    {
      "Sid": "DenySpecificActionsForBobOnSecretStuff",
      "Effect": "Deny",
      "Principal": {
        "AWS": "arn:aws:iam::123456789012:user/bob"
      },
      "Action": [
        "s3:GetObjectVersion",
        "s3:ListBucketVersions",
        "s3:GetObjectAcl",
        "s3:PutBucketAcl",
        "s3:GetBucketPolicy",
        "s3:ListBucket",
        "s3:GetBucketVersioning",
        "s3:GetBucketLocation",
        "s3:PutBucketVersioning",
        "s3:CreateBucket",
        "s3:PutObjectAcl",
        "s3:PutObjectTagging",
        "s3:GetObjectTagging",
        "s3:GetBucketAcl"
      ],
      "Resource": [
        "arn:aws:s3:::secret/stuff0",
        "arn:aws:s3:::secret/stuff1",
        "arn:aws:s3:::secret/stuff2",
        "arn:aws:s3:::secret/stuff3",
        "arn:aws:s3:::secret/stuff4",
        "arn:aws:s3:::secret/stuff5",
        "arn:aws:s3:::secret/stuff6",
        "arn:aws:s3:::secret/stuff7",
        "arn:aws:s3:::secret/stuff8",
        "arn:aws:s3:::secret/stuff9",
        "arn:aws:s3:::secret/stuff10",
        "arn:aws:s3:::secret/stuff11",
        "arn:aws:s3:::secret/stuff12",
        "arn:aws:s3:::secret/stuff13",
        "arn:aws:s3:::secret/stuff14",
        "arn:aws:s3:::secret/stuff15",
        "arn:aws:s3:::secret/stuff16",
        "arn:aws:s3:::secret/stuff17",
        "arn:aws:s3:::secret/stuff18",
        "arn:aws:s3:::secret/stuff19"
      ]
    }
  ]
}