{
  "Version": "2012-10-17",
  "Statement": [
    {
      "Sid": "AllowSpecificActionsForBob",
      "Effect": "Allow",
      "Principal": {
        "AWS": "arn:aws:iam::123456789012:user/bob"
      },
      "Action": [
        "s3:GetBucketVersioning",
        "s3:GetObject",
        "s3:PutObjectTagging",
        "s3:GetBucketLocation",
        "s3:GetObjectAcl",
        "s3:CreateBucket",
        "s3:PutObject",
        "s3:DeleteBucket",
        "s3:GetObjectTagging",
        "s3:PutBucketVersioning",
        "s3:PutBucketAcl",
        "s3:GetObjectVersion",
        "s3:GetBucketAcl",
        "s3:PutObjectAcl"
      ],
      "Resource": [
        "arn:aws:s3:::data-bucket",
        "arn:aws:s3:::bucket1",
        "arn:aws:s3:::mybucket",
        "arn:aws:s3:::app-storage",
        "arn:aws:s3:::data-bucket/*",
        "arn:aws:s3:::bucket1/*",
        "arn:aws:s3:::mybucket/*",
        "arn:aws:s3:::app-storage/*"
      ]
    },
    {
      "Sid": "DenySpecificActionsonSensitiveResourcesForBob",
      "Effect": "Deny",
      "Principal": {
        "AWS": "arn:aws:iam::123456789012:user/bob"
      },
      "Action": [
        "s3:CreateBucket",
        "s3:PutBucketPolicy",
        "s3:GetObjectAcl",
        "s3:DeleteObject",
        "s3:PutBucketAcl",
        "s3:ListBucketVersions",
        "s3:GetBucketAcl",
        "s3:ListBucket",
        "s3:PutObjectAcl",
        "s3:PutObjectTagging",
        "s3:GetBucketVersioning",
        "s3:GetObjectVersion",
        "s3:DeleteBucket"
      ],
      "Resource": [
        "arn:aws:s3:::secret/stuff*",
        "arn:aws:s3:::secret/stuff*/*"
      ]
    }
  ]
}