{
  "Version": "2012-10-17",
  "Statement": [
    {
      "Sid": "AllowS3Operations",
      "Effect": "Allow",
      "Principal": {
        "AWS": "arn:aws:iam::123456789012:user/bob"
      },
      "Action": [
        "s3:PutBucketAcl",
        "s3:CreateBucket",
        "s3:GetBucketLocation",
        "s3:ListBucketVersions",
        "s3:PutObject",
        "s3:GetBucketAcl",
        "s3:PutObjectTagging",
        "s3:GetObjectAcl",
        "s3:DeleteBucket",
        "s3:GetBucketVersioning",
        "s3:PutBucketVersioning",
        "s3:GetObject",
        "s3:ListBucket",
        "s3:GetObjectTagging",
        "s3:GetBucketPolicy",
        "s3:PutObjectAcl",
        "s3:GetObjectVersion",
        "s3:DeleteObject",
        "s3:PutBucketPolicy"
      ],
      "Resource": [
        "arn:aws:s3:::app-storage/*",
        "arn:aws:s3:::app-storage",
        "arn:aws:s3:::mybucket/*",
        "arn:aws:s3:::mybucket",
        "arn:aws:s3:::data-bucket/*",
        "arn:aws:s3:::data-bucket",
        "arn:aws:s3:::bucket1/*",
        "arn:aws:s3:::bucket1"
      ]
    },
    {
      "Sid": "DenySpecificS3OperationsOnSecret",
      "Effect": "Deny",
      "Principal": {
        "AWS": "arn:aws:iam::123456789012:user/bob"
      },
      "Action": [
        "s3:GetBucketLocation",
        "s3:GetBucketVersioning",
        "s3:PutObject",
        "s3:GetObjectVersion",
        "s3:GetObjectTagging",
        "s3:CreateBucket"
      ],
      "Resource": [
        "arn:aws:s3:::secret/stuff0",
        "arn:aws:s3:::secret/stuff1/*",
        "arn:aws:s3:::secret/stuff2/*",
        "arn:aws:s3:::secret/stuff3/*",
        "arn:aws:s3:::secret/stuff4/*",
        "arn:aws:s3:::secret/stuff5",
        "arn:aws:s3:::secret/stuff6"
      ]
    }
  ]
}