{
  "Version": "2012-10-17",
  "Statement": [
    {
      "Effect": "Allow",
      "Principal": {
        "AWS": "arn:aws:iam::account-id:user/bob"
      },
      "Action": [
        "s3:GetObjectVersion",
        "s3:GetBucketPolicy",
        "s3:PutObjectAcl",
        "s3:PutObjectTagging",
        "s3:GetObjectAcl",
        "s3:DeleteObject",
        "s3:GetBucketLocation",
        "s3:GetBucketVersioning",
        "s3:CreateBucket",
        "s3:GetObjectTagging",
        "s3:PutBucketPolicy",
        "s3:ListBucketVersions",
        "s3:PutBucketAcl",
        "s3:PutObject",
        "s3:DeleteBucket",
        "s3:ListBucket"
      ],
      "Resource": [
        "arn:aws:s3:::data-bucket/logs/users/config/image2.png",
        "arn:aws:s3:::app-storage",
        "arn:aws:s3:::mybucket/image1.png",
        "arn:aws:s3:::app-storage/config/users/config/image9.png",
        "arn:aws:s3:::app-storage/image7.png",
        "arn:aws:s3:::bucket1/file8.txt",
        "arn:aws:s3:::bucket1",
        "arn:aws:s3:::mybucket",
        "arn:aws:s3:::mybucket/backups/config/file8.txt",
        "arn:aws:s3:::app-storage/files/users/image7.png",
        "arn:aws:s3:::mybucket/logs/images/image7.png",
        "arn:aws:s3:::bucket1/logs/files/config/file7.txt",
        "arn:aws:s3:::app-storage/backups/file1.txt",
        "arn:aws:s3:::app-storage/files/file9.txt",
        "arn:aws:s3:::mybucket/images/logs/images/file9.txt",
        "arn:aws:s3:::bucket1/data/backups/logs/file3.txt",
        "arn:aws:s3:::bucket1/logs/file5.txt",
        "arn:aws:s3:::mybucket/users/file8.txt",
        "arn:aws:s3:::mybucket/config/logs/backups/image7.png",
        "arn:aws:s3:::mybucket/config/data/data/file1.txt",
        "arn:aws:s3:::app-storage/backups/backups/files/file6.txt",
        "arn:aws:s3:::bucket1/images/logs/file8.txt",
        "arn:aws:s3:::app-storage/files/config/image2.png",
        "arn:aws:s3:::mybucket/image7.png",
        "arn:aws:s3:::data-bucket/config/image7.png",
        "arn:aws:s3:::mybucket/logs/data/images/image7.png",
        "arn:aws:s3:::bucket1/image9.png",
        "arn:aws:s3:::data-bucket/backups/images/files/image4.png",
        "arn:aws:s3:::mybucket/data/image2.png",
        "arn:aws:s3:::bucket1/users/file4.txt",
        "arn:aws:s3:::app-storage/logs/config/file4.txt",
        "arn:aws:s3:::bucket1/images/config/image8.png",
        "arn:aws:s3:::app-storage/images/config/logs/image9.png",
        "arn:aws:s3:::mybucket/images/image3.png",
        "arn:aws:s3:::data-bucket/logs/image5.png",
        "arn:aws:s3:::data-bucket/image4.png",
        "arn:aws:s3:::app-storage/backups/data/image2.png",
        "arn:aws:s3:::data-bucket/backups/data/files/file6.txt",
        "arn:aws:s3:::mybucket/users/image1.png",
        "arn:aws:s3:::app-storage/images/users/image5.png",
        "arn:aws:s3:::bucket1/file3.txt",
        "arn:aws:s3:::app-storage/users/files/image1.png",
        "arn:aws:s3:::bucket1/files/file8.txt",
        "arn:aws:s3:::mybucket/file2.txt",
        "arn:aws:s3:::app-storage/images/backups/backups/file8.txt"
      ]
    },
    {
      "Effect": "Deny",
      "Principal": {
        "AWS": "arn:aws:iam::account-id:user/bob"
      },
      "Action": [
        "s3:PutBucketAcl",
        "s3:GetObjectAcl",
        "s3:GetObject",
        "s3:GetObjectVersion",
        "s3:CreateBucket",
        "s3:GetBucketLocation",
        "s3:GetObjectTagging"
      ],
      "Resource": [
        "arn:aws:s3:::secret/stuff0",
        "arn:aws:s3:::secret/stuff1",
        "arn:aws:s3:::secret/stuff2",
        "arn:aws:s3:::secret/stuff3",
        "arn:aws:s3:::secret/stuff4",
        "arn:aws:s3:::secret/stuff5",
        "arn:aws:s3:::secret/stuff6",
        "arn:aws:s3:::secret/stuff7",
        "arn:aws:s3:::secret/stuff8",
        "arn:aws:s3:::secret/stuff9",
        "arn:aws:s3:::secret/stuff10",
        "arn:aws:s3:::secret/stuff11"
      ]
    }
  ]
}