{
  "Version": "2012-10-17",
  "Statement": [
    {
      "Effect": "Allow",
      "Principal": {
        "AWS": "arn:aws:iam::123456789012:user/bob"
      },
      "Action": [
        "s3:PutObjectAcl",
        "s3:ListBucketVersions",
        "s3:GetObjectAcl",
        "s3:PutBucketAcl",
        "s3:GetObjectVersion",
        "s3:GetBucketLocation",
        "s3:GetBucketPolicy",
        "s3:GetObjectTagging",
        "s3:PutBucketVersioning",
        "s3:CreateBucket",
        "s3:GetObject",
        "s3:DeleteBucket",
        "s3:PutBucketPolicy",
        "s3:GetBucketAcl",
        "s3:ListBucket",
        "s3:PutObject",
        "s3:DeleteObject"
      ],
      "Resource": [
        "arn:aws:s3:::bucket1/images/file5.txt",
        "arn:aws:s3:::app-storage",
        "arn:aws:s3:::app-storage/users/data/file6.txt",
        "arn:aws:s3:::bucket1",
        "arn:aws:s3:::mybucket/data/images/logs/file8.txt",
        "arn:aws:s3:::data-bucket/image5.png",
        "arn:aws:s3:::data-bucket/logs/image6.png",
        "arn:aws:s3:::bucket1/backups/config/logs/image1.png",
        "arn:aws:s3:::data-bucket",
        "arn:aws:s3:::data-bucket/files/image7.png",
        "arn:aws:s3:::bucket1/data/data/data/image4.png",
        "arn:aws:s3:::mybucket/logs/users/file9.txt",
        "arn:aws:s3:::app-storage/files/backups/data/image1.png",
        "arn:aws:s3:::mybucket/backups/config/logs/file3.txt",
        "arn:aws:s3:::bucket1/data/files/image2.png",
        "arn:aws:s3:::app-storage/data/files/file2.txt",
        "arn:aws:s3:::data-bucket/logs/files/file4.txt",
        "arn:aws:s3:::data-bucket/image8.png",
        "arn:aws:s3:::bucket1/file2.txt",
        "arn:aws:s3:::data-bucket/config/logs/files/image9.png",
        "arn:aws:s3:::data-bucket/images/users/images/image1.png",
        "arn:aws:s3:::app-storage/backups/image3.png",
        "arn:aws:s3:::bucket1/config/file9.txt",
        "arn:aws:s3:::data-bucket/images/data/config/image2.png",
        "arn:aws:s3:::bucket1/logs/images/image4.png",
        "arn:aws:s3:::app-storage/users/file7.txt",
        "arn:aws:s3:::data-bucket/config/data/image6.png",
        "arn:aws:s3:::mybucket/config/logs/images/file4.txt",
        "arn:aws:s3:::mybucket/image8.png",
        "arn:aws:s3:::data-bucket/files/images/backups/image3.png",
        "arn:aws:s3:::bucket1/logs/backups/config/file8.txt",
        "arn:aws:s3:::mybucket/image2.png",
        "arn:aws:s3:::data-bucket/images/data/data/image6.png",
        "arn:aws:s3:::app-storage/data/image7.png",
        "arn:aws:s3:::bucket1/files/data/file6.txt",
        "arn:aws:s3:::data-bucket/image2.png"
      ]
    },
    {
      "Effect": "Deny",
      "Principal": {
        "AWS": "arn:aws:iam::123456789012:user/bob"
      },
      "Action": [
        "s3:GetObject",
        "s3:GetObjectTagging",
        "s3:PutBucketPolicy",
        "s3:ListBucket",
        "s3:GetBucketVersioning",
        "s3:PutBucketAcl",
        "s3:DeleteBucket",
        "s3:PutObjectTagging",
        "s3:GetObjectVersion"
      ],
      "Resource": [
        "arn:aws:s3:::secret/stuff0",
        "arn:aws:s3:::secret/stuff1",
        "arn:aws:s3:::secret/stuff2",
        "arn:aws:s3:::secret/stuff3",
        "arn:aws:s3:::secret/stuff4",
        "arn:aws:s3:::secret/stuff5",
        "arn:aws:s3:::secret/stuff6",
        "arn:aws:s3:::secret/stuff7",
        "arn:aws:s3:::secret/stuff8",
        "arn:aws:s3:::secret/stuff9",
        "arn:aws:s3:::secret/stuff10",
        "arn:aws:s3:::secret/stuff11",
        "arn:aws:s3:::secret/stuff12",
        "arn:aws:s3:::secret/stuff13"
      ]
    }
  ]
}