{
  "Version": "2012-10-17",
  "Statement": [
    {
      "Effect": "Allow",
      "Principal": {
        "AWS": "arn:aws:iam::123456789012:user/bob"
      },
      "Action": [
        "s3:GetObject",
        "s3:PutBucketVersioning",
        "s3:GetBucketLocation",
        "s3:PutBucketAcl",
        "s3:GetBucketAcl",
        "s3:GetObjectTagging",
        "s3:PutObject",
        "s3:GetBucketVersioning",
        "s3:DeleteObject",
        "s3:GetObjectAcl",
        "s3:PutObjectAcl",
        "s3:DeleteBucket",
        "s3:PutObjectTagging",
        "s3:ListBucketVersions",
        "s3:GetBucketPolicy",
        "s3:CreateBucket",
        "s3:GetObjectVersion",
        "s3:ListBucket",
        "s3:PutBucketPolicy"
      ],
      "Resource": [
        "arn:aws:s3:::bucket1/images/config/file5.txt",
        "arn:aws:s3:::data-bucket",
        "arn:aws:s3:::bucket1",
        "arn:aws:s3:::mybucket",
        "arn:aws:s3:::data-bucket/file9.txt",
        "arn:aws:s3:::bucket1/logs/file2.txt",
        "arn:aws:s3:::app-storage/users/users/logs/image4.png",
        "arn:aws:s3:::app-storage/files/backups/image2.png",
        "arn:aws:s3:::data-bucket/backups/users/file5.txt",
        "arn:aws:s3:::mybucket/backups/images/file9.txt",
        "arn:aws:s3:::app-storage/config/images/file2.txt",
        "arn:aws:s3:::data-bucket/image5.png",
        "arn:aws:s3:::mybucket/backups/images/images/file7.txt",
        "arn:aws:s3:::app-storage",
        "arn:aws:s3:::mybucket/logs/image3.png",
        "arn:aws:s3:::app-storage/backups/backups/image8.png",
        "arn:aws:s3:::bucket1",
        "arn:aws:s3:::mybucket",
        "arn:aws:s3:::data-bucket/data/data/file4.txt",
        "arn:aws:s3:::data-bucket/config/users/config/file8.txt",
        "arn:aws:s3:::bucket1/backups/file5.txt",
        "arn:aws:s3:::data-bucket",
        "arn:aws:s3:::app-storage/data/images/file8.txt",
        "arn:aws:s3:::app-storage/images/backups/files/file5.txt",
        "arn:aws:s3:::bucket1/image8.png",
        "arn:aws:s3:::mybucket/images/data/users/image4.png",
        "arn:aws:s3:::data-bucket/users/file9.txt",
        "arn:aws:s3:::bucket1/data/backups/users/image3.png",
        "arn:aws:s3:::app-storage/files/images/file4.txt",
        "arn:aws:s3:::bucket1/files/logs/images/file5.txt",
        "arn:aws:s3:::data-bucket/logs/backups/backups/file5.txt",
        "arn:aws:s3:::mybucket/config/logs/config/image3.png",
        "arn:aws:s3:::mybucket/file4.txt",
        "arn:aws:s3:::app-storage/data/file9.txt",
        "arn:aws:s3:::bucket1/logs/backups/config/image8.png",
        "arn:aws:s3:::app-storage/config/image5.png",
        "arn:aws:s3:::mybucket/files/config/backups/image4.png",
        "arn:aws:s3:::data-bucket/backups/image9.png",
        "arn:aws:s3:::app-storage/file3.txt",
        "arn:aws:s3:::mybucket/images/image7.png",
        "arn:aws:s3:::app-storage/files/file6.txt",
        "arn:aws:s3:::bucket1/users/file2.txt",
        "arn:aws:s3:::data-bucket/config/backups/image1.png",
        "arn:aws:s3:::mybucket/users/file4.txt",
        "arn:aws:s3:::mybucket/config/image4.png",
        "arn:aws:s3:::data-bucket/file8.txt",
        "arn:aws:s3:::bucket1/config/images/users/file7.txt",
        "arn:aws:s3:::mybucket/images/file8.txt",
        "arn:aws:s3:::app-storage/backups/logs/file5.txt"
      ]
    },
    {
      "Effect": "Deny",
      "Principal": {
        "AWS": "arn:aws:iam::123456789012:user/bob"
      },
      "Action": [
        "s3:GetObjectAcl",
        "s3:PutObjectTagging",
        "s3:GetBucketVersioning",
        "s3:DeleteObject",
        "s3:CreateBucket",
        "s3:PutBucketPolicy",
        "s3:PutBucketVersioning",
        "s3:DeleteBucket",
        "s3:GetObjectVersion"
      ],
      "Resource": [
        "arn:aws:s3:::secret/stuff0",
        "arn:aws:s3:::secret/stuff1",
        "arn:aws:s3:::secret/stuff2",
        "arn:aws:s3:::secret/stuff3",
        "arn:aws:s3:::secret/stuff4",
        "arn:aws:s3:::secret/stuff5",
        "arn:aws:s3:::secret/stuff6",
        "arn:aws:s3:::secret/stuff7",
        "arn:aws:s3:::secret/stuff8",
        "arn:aws:s3:::secret/stuff9"
      ]
    }
  ]
}