{
  "Version": "2012-10-17",
  "Statement": [
    {
      "Effect": "Allow",
      "Action": [
        "s3:GetObject",
        "s3:GetObjectAcl",
        "s3:GetBucketVersioning",
        "s3:PutObject",
        "s3:PutBucketAcl",
        "s3:GetBucketAcl",
        "s3:PutObjectTagging",
        "s3:PutBucketPolicy",
        "s3:PutBucketVersioning",
        "s3:GetBucketPolicy",
        "s3:GetObjectTagging",
        "s3:ListBucketVersions",
        "s3:ListBucket",
        "s3:DeleteObject",
        "s3:CreateBucket",
        "s3:DeleteBucket",
        "s3:GetObjectVersion",
        "s3:GetBucketLocation"
      ],
      "Resource": [
        "arn:aws:s3:::bucket1/images/data/image4.png",
        "arn:aws:s3:::bucket1/images/files/file2.txt",
        "arn:aws:s3:::app-storage/logs/images/image1.png",
        "arn:aws:s3:::app-storage",
        "arn:aws:s3:::bucket1/users/files/image7.png",
        "arn:aws:s3:::app-storage/image9.png",
        "arn:aws:s3:::bucket1",
        "arn:aws:s3:::mybucket",
        "arn:aws:s3:::data-bucket/backups/image7.png",
        "arn:aws:s3:::mybucket/config/users/logs/image7.png",
        "arn:aws:s3:::data-bucket/config/config/image5.png",
        "arn:aws:s3:::data-bucket/file6.txt",
        "arn:aws:s3:::data-bucket/users/image5.png",
        "arn:aws:s3:::bucket1/files/data/image3.png",
        "arn:aws:s3:::app-storage/images/logs/data/file8.txt",
        "arn:aws:s3:::app-storage/images/backups/files/image8.png",
        "arn:aws:s3:::app-storage/files/images/images/image7.png",
        "arn:aws:s3:::mybucket/backups/data/logs/file7.txt",
        "arn:aws:s3:::bucket1",
        "arn:aws:s3:::app-storage/logs/file2.txt",
        "arn:aws:s3:::mybucket/images/backups/image5.png",
        "arn:aws:s3:::data-bucket",
        "arn:aws:s3:::app-storage/files/backups/file3.txt",
        "arn:aws:s3:::mybucket/config/file8.txt",
        "arn:aws:s3:::bucket1/users/files/image5.png",
        "arn:aws:s3:::bucket1/images/files/image8.png",
        "arn:aws:s3:::data-bucket/images/image1.png",
        "arn:aws:s3:::bucket1/logs/backups/images/file8.txt",
        "arn:aws:s3:::data-bucket/files/backups/file7.txt",
        "arn:aws:s3:::mybucket/image9.png",
        "arn:aws:s3:::mybucket/backups/images/file6.txt",
        "arn:aws:s3:::data-bucket/image4.png",
        "arn:aws:s3:::mybucket/image7.png",
        "arn:aws:s3:::data-bucket/images/images/logs/image8.png",
        "arn:aws:s3:::data-bucket/config/images/users/image9.png",
        "arn:aws:s3:::app-storage/backups/users/file7.txt",
        "arn:aws:s3:::mybucket/files/backups/data/image2.png",
        "arn:aws:s3:::bucket1/backups/backups/file2.txt",
        "arn:aws:s3:::mybucket/users/images/image9.png",
        "arn:aws:s3:::app-storage/images/file9.txt",
        "arn:aws:s3:::mybucket/data/logs/file4.txt",
        "arn:aws:s3:::mybucket/image2.png",
        "arn:aws:s3:::app-storage/logs/image1.png",
        "arn:aws:s3:::app-storage/logs/logs/backups/image9.png"
      ]
    },
    {
      "Effect": "Deny",
      "Action": [
        "s3:GetBucketAcl",
        "s3:PutBucketAcl",
        "s3:ListBucketVersions",
        "s3:DeleteObject",
        "s3:PutObjectTagging",
        "s3:PutObjectAcl",
        "s3:PutBucketPolicy",
        "s3:ListBucket",
        "s3:GetObjectTagging",
        "s3:PutObject",
        "s3:GetObject",
        "s3:GetObjectAcl"
      ],
      "Resource": [
        "arn:aws:s3:::secret/stuff0",
        "arn:aws:s3:::secret/stuff1",
        "arn:aws:s3:::secret/stuff2",
        "arn:aws:s3:::secret/stuff3",
        "arn:aws:s3:::secret/stuff4",
        "arn:aws:s3:::secret/stuff5",
        "arn:aws:s3:::secret/stuff6",
        "arn:aws:s3:::secret/stuff7",
        "arn:aws:s3:::secret/stuff8",
        "arn:aws:s3:::secret/stuff9",
        "arn:aws:s3:::secret/stuff10",
        "arn:aws:s3:::secret/stuff11",
        "arn:aws:s3:::secret/stuff12",
        "arn:aws:s3:::secret/stuff13",
        "arn:aws:s3:::secret/stuff14",
        "arn:aws:s3:::secret/stuff15",
        "arn:aws:s3:::secret/stuff16",
        "arn:aws:s3:::secret/stuff17",
        "arn:aws:s3:::secret/stuff18",
        "arn:aws:s3:::secret/stuff19"
      ]
    }
  ]
}