{
  "Version": "2012-10-17",
  "Statement": [
    {
      "Sid": "AllowSpecificActionsForBob",
      "Effect": "Allow",
      "Principal": {
        "AWS": "arn:aws:iam::123456789012:user/bob"
      },
      "Action": [
        "s3:PutObjectTagging",
        "s3:GetObjectAcl",
        "s3:PutBucketPolicy",
        "s3:GetBucketPolicy",
        "s3:GetObject",
        "s3:GetObjectVersion",
        "s3:DeleteBucket",
        "s3:ListBucket",
        "s3:GetBucketVersioning",
        "s3:GetBucketAcl",
        "s3:PutObjectAcl",
        "s3:PutBucketAcl",
        "s3:ListBucketVersions",
        "s3:DeleteObject",
        "s3:PutObject",
        "s3:PutBucketVersioning",
        "s3:GetObjectTagging"
      ],
      "Resource": [
        "arn:aws:s3:::mybucket/backups/image6.png",
        "arn:aws:s3:::bucket1/files/file6.txt",
        "arn:aws:s3:::mybucket",
        "arn:aws:s3:::app-storage",
        "arn:aws:s3:::app-storage/image6.png",
        "arn:aws:s3:::data-bucket/image1.png",
        "arn:aws:s3:::data-bucket",
        "arn:aws:s3:::mybucket",
        "arn:aws:s3:::bucket1",
        "arn:aws:s3:::mybucket",
        "arn:aws:s3:::data-bucket/image2.png",
        "arn:aws:s3:::bucket1",
        "arn:aws:s3:::bucket1",
        "arn:aws:s3:::data-bucket/users/backups/file4.txt",
        "arn:aws:s3:::app-storage/file2.txt",
        "arn:aws:s3:::app-storage/logs/backups/images/file3.txt",
        "arn:aws:s3:::app-storage/files/data/config/file6.txt",
        "arn:aws:s3:::data-bucket/config/data/file1.txt",
        "arn:aws:s3:::bucket1/image1.png",
        "arn:aws:s3:::mybucket/image9.png",
        "arn:aws:s3:::bucket1/files/backups/file9.txt",
        "arn:aws:s3:::bucket1/users/backups/data/file3.txt",
        "arn:aws:s3:::data-bucket/config/images/file3.txt",
        "arn:aws:s3:::bucket1/config/users/image5.png",
        "arn:aws:s3:::data-bucket/image4.png",
        "arn:aws:s3:::bucket1/files/image3.png",
        "arn:aws:s3:::app-storage/users/backups/image6.png",
        "arn:aws:s3:::bucket1/image6.png",
        "arn:aws:s3:::bucket1/backups/users/backups/file9.txt"
      ]
    },
    {
      "Sid": "DenySpecificActionsForBob",
      "Effect": "Deny",
      "Principal": {
        "AWS": "arn:aws:iam::123456789012:user/bob"
      },
      "Action": [
        "s3:ListBucket",
        "s3:PutObjectAcl",
        "s3:ListBucketVersions",
        "s3:GetBucketVersioning",
        "s3:GetObjectAcl",
        "s3:DeleteBucket",
        "s3:GetBucketLocation",
        "s3:GetObjectVersion",
        "s3:GetObjectTagging",
        "s3:DeleteObject"
      ],
      "Resource": [
        "arn:aws:s3:::secret/stuff0",
        "arn:aws:s3:::secret/stuff1",
        "arn:aws:s3:::secret/stuff2",
        "arn:aws:s3:::secret/stuff3",
        "arn:aws:s3:::secret/stuff4",
        "arn:aws:s3:::secret/stuff5",
        "arn:aws:s3:::secret/stuff6",
        "arn:aws:s3:::secret/stuff7",
        "arn:aws:s3:::secret/stuff8",
        "arn:aws:s3:::secret/stuff9"
      ]
    }
  ]
}