{
  "Version": "2012-10-17",
  "Statement": [
    {
      "Sid": "AllowSpecifiedActions",
      "Effect": "Allow",
      "Principal": {
        "AWS": "arn:aws:iam::123456789012:user/bob"
      },
      "Action": [
        "s3:PutObjectTagging",
        "s3:GetObjectVersion",
        "s3:PutObjectAcl",
        "s3:PutBucketPolicy",
        "s3:PutBucketVersioning",
        "s3:GetBucketAcl",
        "s3:GetObjectTagging",
        "s3:ListBucketVersions",
        "s3:GetObject",
        "s3:GetBucketLocation",
        "s3:PutObject",
        "s3:GetBucketPolicy",
        "s3:PutBucketAcl",
        "s3:DeleteBucket",
        "s3:CreateBucket",
        "s3:ListBucket",
        "s3:GetBucketVersioning",
        "s3:DeleteObject"
      ],
      "Resource": [
        "arn:aws:s3:::mybucket/data/config/logs/file8.txt",
        "arn:aws:s3:::mybucket/image9.png",
        "arn:aws:s3:::data-bucket/logs/users/image9.png",
        "arn:aws:s3:::data-bucket",
        "arn:aws:s3:::mybucket",
        "arn:aws:s3:::bucket1",
        "arn:aws:s3:::bucket1/files/users/image2.png",
        "arn:aws:s3:::data-bucket/file9.txt",
        "arn:aws:s3:::bucket1/users/images/file5.txt",
        "arn:aws:s3:::app-storage",
        "arn:aws:s3:::data-bucket/file2.txt",
        "arn:aws:s3:::app-storage/images/image4.png",
        "arn:aws:s3:::app-storage/logs/images/image8.png",
        "arn:aws:s3:::app-storage/images/config/images/file3.txt",
        "arn:aws:s3:::bucket1/logs/files/backups/image5.png",
        "arn:aws:s3:::app-storage/backups/users/image8.png",
        "arn:aws:s3:::data-bucket/images/data/logs/image4.png",
        "arn:aws:s3:::data-bucket/config/logs/file2.txt",
        "arn:aws:s3:::data-bucket/backups/config/image8.png",
        "arn:aws:s3:::bucket1/backups/config/files/file1.txt",
        "arn:aws:s3:::bucket1/backups/config/file6.txt",
        "arn:aws:s3:::app-storage/images/file5.txt",
        "arn:aws:s3:::mybucket/files/logs/users/file8.txt",
        "arn:aws:s3:::app-storage/backups/file6.txt",
        "arn:aws:s3:::bucket1/image2.png",
        "arn:aws:s3:::data-bucket/logs/backups/users/image3.png",
        "arn:aws:s3:::mybucket/image3.png",
        "arn:aws:s3:::bucket1/images/data/users/file4.txt",
        "arn:aws:s3:::mybucket/logs/image2.png",
        "arn:aws:s3:::mybucket/backups/config/image4.png",
        "arn:aws:s3:::mybucket/logs/logs/users/file8.txt",
        "arn:aws:s3:::app-storage/config/file9.txt",
        "arn:aws:s3:::mybucket/users/logs/logs/image2.png",
        "arn:aws:s3:::app-storage/data/file9.txt",
        "arn:aws:s3:::data-bucket/image7.png",
        "arn:aws:s3:::data-bucket/image4.png",
        "arn:aws:s3:::mybucket/images/logs/users/file6.txt",
        "arn:aws:s3:::app-storage/images/images/file4.txt",
        "arn:aws:s3:::data-bucket/files/backups/file1.txt",
        "arn:aws:s3:::bucket1/backups/files/image9.png",
        "arn:aws:s3:::data-bucket/backups/images/images/image2.png",
        "arn:aws:s3:::app-storage/logs/data/image4.png",
        "arn:aws:s3:::mybucket/file6.txt",
        "arn:aws:s3:::mybucket/file2.txt",
        "arn:aws:s3:::mybucket/file5.txt",
        "arn:aws:s3:::mybucket/users/file4.txt",
        "arn:aws:s3:::bucket1/users/image7.png",
        "arn:aws:s3:::bucket1/image5.png",
        "arn:aws:s3:::app-storage/image8.png",
        "arn:aws:s3:::data-bucket/config/image6.png",
        "arn:aws:s3:::app-storage/files/file2.txt",
        "arn:aws:s3:::mybucket/backups/file9.txt",
        "arn:aws:s3:::bucket1/image8.png",
        "arn:aws:s3:::data-bucket/logs/config/logs/image8.png",
        "arn:aws:s3:::app-storage/files/config/file6.txt",
        "arn:aws:s3:::bucket1/images/image3.png",
        "arn:aws:s3:::mybucket/users/images/file4.txt"
      ]
    },
    {
      "Sid": "DenySpecificActions",
      "Effect": "Deny",
      "Principal": {
        "AWS": "arn:aws:iam::123456789012:user/bob"
      },
      "Action": [
        "s3:GetBucketAcl",
        "s3:GetObject",
        "s3:PutBucketPolicy",
        "s3:ListBucket",
        "s3:PutBucketVersioning",
        "s3:DeleteBucket",
        "s3:GetBucketLocation",
        "s3:GetBucketPolicy",
        "s3:GetObjectVersion"
      ],
      "Resource": [
        "arn:aws:s3:::secret/stuff0",
        "arn:aws:s3:::secret/stuff1",
        "arn:aws:s3:::secret/stuff2",
        "arn:aws:s3:::secret/stuff3",
        "arn:aws:s3:::secret/stuff4",
        "arn:aws:s3:::secret/stuff5",
        "arn:aws:s3:::secret/stuff6",
        "arn:aws:s3:::secret/stuff7",
        "arn:aws:s3:::secret/stuff8",
        "arn:aws:s3:::secret/stuff9",
        "arn:aws:s3:::secret/stuff10",
        "arn:aws:s3:::secret/stuff11",
        "arn:aws:s3:::secret/stuff12",
        "arn:aws:s3:::secret/stuff13",
        "arn:aws:s3:::secret/stuff14",
        "arn:aws:s3:::secret/stuff15",
        "arn:aws:s3:::secret/stuff16"
      ]
    }
  ]
}