{
  "allowed_requests": [
    {
      "principal": "bob",
      "action": "s3:GetBucketVersioning",
      "resource": "data-bucket"
    },
    {
      "principal": "bob",
      "action": "s3:ListBucketVersions",
      "resource": "bucket1"
    },
    {
      "principal": "bob",
      "action": "s3:PutObjectAcl",
      "resource": "app-storage/backups/file9.txt"
    },
    {
      "principal": "bob",
      "action": "s3:GetObjectAcl",
      "resource": "app-storage/file9.txt"
    },
    {
      "principal": "bob",
      "action": "s3:PutObject",
      "resource": "mybucket/data/users/file4.txt"
    },
    {
      "principal": "bob",
      "action": "s3:GetObjectTagging",
      "resource": "bucket1/files/backups/file6.txt"
    },
    {
      "principal": "bob",
      "action": "s3:GetBucketPolicy",
      "resource": "bucket1"
    },
    {
      "principal": "bob",
      "action": "s3:GetObjectAcl",
      "resource": "bucket1/files/images/file2.txt"
    },
    {
      "principal": "bob",
      "action": "s3:GetBucketLocation",
      "resource": "data-bucket"
    },
    {
      "principal": "bob",
      "action": "s3:PutObjectAcl",
      "resource": "data-bucket/users/image7.png"
    },
    {
      "principal": "bob",
      "action": "s3:PutBucketPolicy",
      "resource": "data-bucket"
    },
    {
      "principal": "bob",
      "action": "s3:ListBucket",
      "resource": "data-bucket"
    },
    {
      "principal": "bob",
      "action": "s3:GetObjectTagging",
      "resource": "data-bucket/images/backups/image5.png"
    },
    {
      "principal": "bob",
      "action": "s3:PutObject",
      "resource": "bucket1/file4.txt"
    },
    {
      "principal": "bob",
      "action": "s3:GetBucketAcl",
      "resource": "app-storage"
    },
    {
      "principal": "bob",
      "action": "s3:GetObject",
      "resource": "data-bucket/files/logs/data/image6.png"
    },
    {
      "principal": "bob",
      "action": "s3:CreateBucket",
      "resource": "bucket1"
    },
    {
      "principal": "bob",
      "action": "s3:ListBucket",
      "resource": "mybucket"
    },
    {
      "principal": "bob",
      "action": "s3:PutObjectAcl",
      "resource": "data-bucket/config/file4.txt"
    },
    {
      "principal": "bob",
      "action": "s3:GetObjectTagging",
      "resource": "data-bucket/images/image3.png"
    },
    {
      "principal": "bob",
      "action": "s3:PutBucketPolicy",
      "resource": "app-storage"
    },
    {
      "principal": "bob",
      "action": "s3:ListBucket",
      "resource": "bucket1"
    },
    {
      "principal": "bob",
      "action": "s3:PutObject",
      "resource": "mybucket/images/image4.png"
    },
    {
      "principal": "bob",
      "action": "s3:GetObject",
      "resource": "mybucket/backups/images/images/image4.png"
    },
    {
      "principal": "bob",
      "action": "s3:GetObjectAcl",
      "resource": "bucket1/file2.txt"
    },
    {
      "principal": "bob",
      "action": "s3:GetObject",
      "resource": "data-bucket/images/file2.txt"
    },
    {
      "principal": "bob",
      "action": "s3:DeleteObject",
      "resource": "data-bucket/config/image5.png"
    },
    {
      "principal": "bob",
      "action": "s3:PutBucketVersioning",
      "resource": "bucket1"
    },
    {
      "principal": "bob",
      "action": "s3:GetBucketPolicy",
      "resource": "mybucket"
    },
    {
      "principal": "bob",
      "action": "s3:GetObjectTagging",
      "resource": "app-storage/config/images/files/file9.txt"
    },
    {
      "principal": "bob",
      "action": "s3:PutObjectAcl",
      "resource": "bucket1/logs/images/file9.txt"
    },
    {
      "principal": "bob",
      "action": "s3:PutObjectAcl",
      "resource": "data-bucket/image5.png"
    },
    {
      "principal": "bob",
      "action": "s3:GetObject",
      "resource": "app-storage/logs/config/images/image7.png"
    },
    {
      "principal": "bob",
      "action": "s3:ListBucket",
      "resource": "data-bucket"
    },
    {
      "principal": "bob",
      "action": "s3:PutObjectAcl",
      "resource": "mybucket/config/logs/image1.png"
    },
    {
      "principal": "bob",
      "action": "s3:PutBucketPolicy",
      "resource": "mybucket"
    },
    {
      "principal": "bob",
      "action": "s3:PutBucketAcl",
      "resource": "bucket1"
    },
    {
      "principal": "bob",
      "action": "s3:GetObjectAcl",
      "resource": "app-storage/file3.txt"
    },
    {
      "principal": "bob",
      "action": "s3:PutBucketVersioning",
      "resource": "app-storage"
    },
    {
      "principal": "bob",
      "action": "s3:GetObjectTagging",
      "resource": "data-bucket/file2.txt"
    },
    {
      "principal": "bob",
      "action": "s3:GetObject",
      "resource": "mybucket/file5.txt"
    },
    {
      "principal": "bob",
      "action": "s3:CreateBucket",
      "resource": "bucket1"
    },
    {
      "principal": "bob",
      "action": "s3:DeleteObject",
      "resource": "data-bucket/config/backups/file6.txt"
    },
    {
      "principal": "bob",
      "action": "s3:GetBucketPolicy",
      "resource": "bucket1"
    },
    {
      "principal": "bob",
      "action": "s3:PutBucketAcl",
      "resource": "bucket1"
    },
    {
      "principal": "bob",
      "action": "s3:GetObjectAcl",
      "resource": "mybucket/images/config/images/file9.txt"
    },
    {
      "principal": "bob",
      "action": "s3:GetObject",
      "resource": "bucket1/file4.txt"
    },
    {
      "principal": "bob",
      "action": "s3:GetObjectAcl",
      "resource": "mybucket/images/image9.png"
    },
    {
      "principal": "bob",
      "action": "s3:GetObject",
      "resource": "bucket1/users/files/logs/file9.txt"
    },
    {
      "principal": "bob",
      "action": "s3:PutBucketPolicy",
      "resource": "mybucket"
    },
    {
      "principal": "bob",
      "action": "s3:PutObject",
      "resource": "mybucket/logs/images/file5.txt"
    },
    {
      "principal": "bob",
      "action": "s3:PutBucketAcl",
      "resource": "mybucket"
    },
    {
      "principal": "bob",
      "action": "s3:DeleteBucket",
      "resource": "app-storage"
    },
    {
      "principal": "bob",
      "action": "s3:PutObjectAcl",
      "resource": "data-bucket/config/file2.txt"
    },
    {
      "principal": "bob",
      "action": "s3:PutObjectAcl",
      "resource": "bucket1/logs/backups/users/image9.png"
    },
    {
      "principal": "bob",
      "action": "s3:GetBucketPolicy",
      "resource": "app-storage"
    },
    {
      "principal": "bob",
      "action": "s3:ListBucketVersions",
      "resource": "bucket1"
    },
    {
      "principal": "bob",
      "action": "s3:PutObjectAcl",
      "resource": "app-storage/config/files/image5.png"
    },
    {
      "principal": "bob",
      "action": "s3:GetBucketPolicy",
      "resource": "app-storage"
    }
  ],
  "denied_requests": [
    {
      "principal": "bob",
      "action": "s3:GetObject",
      "resource": "secret/stuff0"
    },
    {
      "principal": "bob",
      "action": "s3:PutObjectTagging",
      "resource": "secret/stuff1"
    },
    {
      "principal": "bob",
      "action": "s3:GetObjectTagging",
      "resource": "secret/stuff2"
    },
    {
      "principal": "bob",
      "action": "s3:GetBucketLocation",
      "resource": "secret/stuff3"
    },
    {
      "principal": "bob",
      "action": "s3:GetObjectTagging",
      "resource": "secret/stuff4"
    },
    {
      "principal": "bob",
      "action": "s3:GetObjectAcl",
      "resource": "secret/stuff5"
    },
    {
      "principal": "bob",
      "action": "s3:DeleteBucket",
      "resource": "secret/stuff6"
    },
    {
      "principal": "bob",
      "action": "s3:PutBucketVersioning",
      "resource": "secret/stuff7"
    },
    {
      "principal": "bob",
      "action": "s3:DeleteObject",
      "resource": "secret/stuff8"
    },
    {
      "principal": "bob",
      "action": "s3:DeleteObject",
      "resource": "secret/stuff9"
    },
    {
      "principal": "bob",
      "action": "s3:GetBucketLocation",
      "resource": "secret/stuff10"
    },
    {
      "principal": "bob",
      "action": "s3:GetObject",
      "resource": "secret/stuff11"
    },
    {
      "principal": "bob",
      "action": "s3:DeleteBucket",
      "resource": "secret/stuff12"
    },
    {
      "principal": "bob",
      "action": "s3:PutObject",
      "resource": "secret/stuff13"
    },
    {
      "principal": "bob",
      "action": "s3:PutBucketPolicy",
      "resource": "secret/stuff14"
    },
    {
      "principal": "bob",
      "action": "s3:PutBucketAcl",
      "resource": "secret/stuff15"
    }
  ]
}