{
  "allowed_requests": [
    {
      "principal": "bob",
      "action": "s3:GetObjectVersion",
      "resource": "mybucket/logs/users/image7.png"
    },
    {
      "principal": "bob",
      "action": "s3:PutObjectAcl",
      "resource": "data-bucket/data/images/config/image3.png"
    },
    {
      "principal": "bob",
      "action": "s3:PutObjectAcl",
      "resource": "data-bucket/file2.txt"
    },
    {
      "principal": "bob",
      "action": "s3:ListBucketVersions",
      "resource": "data-bucket"
    },
    {
      "principal": "bob",
      "action": "s3:PutObjectTagging",
      "resource": "data-bucket/file1.txt"
    },
    {
      "principal": "bob",
      "action": "s3:GetBucketVersioning",
      "resource": "app-storage"
    },
    {
      "principal": "bob",
      "action": "s3:PutObject",
      "resource": "bucket1/config/data/image3.png"
    },
    {
      "principal": "bob",
      "action": "s3:GetBucketPolicy",
      "resource": "bucket1"
    },
    {
      "principal": "bob",
      "action": "s3:CreateBucket",
      "resource": "data-bucket"
    },
    {
      "principal": "bob",
      "action": "s3:PutObjectAcl",
      "resource": "bucket1/logs/data/file8.txt"
    },
    {
      "principal": "bob",
      "action": "s3:GetObject",
      "resource": "app-storage/logs/users/config/file2.txt"
    },
    {
      "principal": "bob",
      "action": "s3:GetBucketLocation",
      "resource": "bucket1"
    },
    {
      "principal": "bob",
      "action": "s3:ListBucketVersions",
      "resource": "mybucket"
    },
    {
      "principal": "bob",
      "action": "s3:GetObjectVersion",
      "resource": "bucket1/config/backups/backups/file1.txt"
    },
    {
      "principal": "bob",
      "action": "s3:GetObjectTagging",
      "resource": "bucket1/file3.txt"
    },
    {
      "principal": "bob",
      "action": "s3:ListBucket",
      "resource": "mybucket"
    },
    {
      "principal": "bob",
      "action": "s3:GetObjectTagging",
      "resource": "data-bucket/users/data/file3.txt"
    },
    {
      "principal": "bob",
      "action": "s3:GetBucketPolicy",
      "resource": "bucket1"
    },
    {
      "principal": "bob",
      "action": "s3:GetBucketVersioning",
      "resource": "mybucket"
    },
    {
      "principal": "bob",
      "action": "s3:PutObjectTagging",
      "resource": "bucket1/data/image2.png"
    },
    {
      "principal": "bob",
      "action": "s3:ListBucket",
      "resource": "mybucket"
    },
    {
      "principal": "bob",
      "action": "s3:PutBucketPolicy",
      "resource": "mybucket"
    },
    {
      "principal": "bob",
      "action": "s3:ListBucket",
      "resource": "app-storage"
    },
    {
      "principal": "bob",
      "action": "s3:GetObjectVersion",
      "resource": "mybucket/files/config/file6.txt"
    },
    {
      "principal": "bob",
      "action": "s3:ListBucketVersions",
      "resource": "data-bucket"
    },
    {
      "principal": "bob",
      "action": "s3:PutBucketAcl",
      "resource": "mybucket"
    },
    {
      "principal": "bob",
      "action": "s3:PutObject",
      "resource": "data-bucket/logs/data/files/file4.txt"
    },
    {
      "principal": "bob",
      "action": "s3:GetBucketVersioning",
      "resource": "bucket1"
    },
    {
      "principal": "bob",
      "action": "s3:DeleteObject",
      "resource": "data-bucket/file5.txt"
    },
    {
      "principal": "bob",
      "action": "s3:GetBucketVersioning",
      "resource": "bucket1"
    },
    {
      "principal": "bob",
      "action": "s3:ListBucket",
      "resource": "data-bucket"
    },
    {
      "principal": "bob",
      "action": "s3:GetObjectAcl",
      "resource": "app-storage/image5.png"
    },
    {
      "principal": "bob",
      "action": "s3:PutBucketAcl",
      "resource": "data-bucket"
    },
    {
      "principal": "bob",
      "action": "s3:GetBucketAcl",
      "resource": "data-bucket"
    },
    {
      "principal": "bob",
      "action": "s3:ListBucketVersions",
      "resource": "mybucket"
    },
    {
      "principal": "bob",
      "action": "s3:GetObject",
      "resource": "mybucket/data/images/image3.png"
    },
    {
      "principal": "bob",
      "action": "s3:CreateBucket",
      "resource": "bucket1"
    },
    {
      "principal": "bob",
      "action": "s3:CreateBucket",
      "resource": "bucket1"
    },
    {
      "principal": "bob",
      "action": "s3:GetBucketLocation",
      "resource": "bucket1"
    },
    {
      "principal": "bob",
      "action": "s3:GetObjectTagging",
      "resource": "bucket1/image6.png"
    },
    {
      "principal": "bob",
      "action": "s3:PutBucketVersioning",
      "resource": "app-storage"
    },
    {
      "principal": "bob",
      "action": "s3:PutBucketPolicy",
      "resource": "data-bucket"
    },
    {
      "principal": "bob",
      "action": "s3:DeleteBucket",
      "resource": "bucket1"
    },
    {
      "principal": "bob",
      "action": "s3:GetObjectAcl",
      "resource": "mybucket/data/image7.png"
    },
    {
      "principal": "bob",
      "action": "s3:PutObject",
      "resource": "mybucket/data/backups/image2.png"
    },
    {
      "principal": "bob",
      "action": "s3:GetObject",
      "resource": "mybucket/files/image9.png"
    },
    {
      "principal": "bob",
      "action": "s3:DeleteObject",
      "resource": "app-storage/files/data/file3.txt"
    },
    {
      "principal": "bob",
      "action": "s3:GetObject",
      "resource": "data-bucket/backups/config/image6.png"
    },
    {
      "principal": "bob",
      "action": "s3:GetBucketVersioning",
      "resource": "data-bucket"
    },
    {
      "principal": "bob",
      "action": "s3:PutObjectTagging",
      "resource": "bucket1/files/images/files/image8.png"
    },
    {
      "principal": "bob",
      "action": "s3:PutObject",
      "resource": "data-bucket/images/data/file2.txt"
    },
    {
      "principal": "bob",
      "action": "s3:GetBucketLocation",
      "resource": "app-storage"
    },
    {
      "principal": "bob",
      "action": "s3:ListBucketVersions",
      "resource": "bucket1"
    },
    {
      "principal": "bob",
      "action": "s3:ListBucket",
      "resource": "bucket1"
    },
    {
      "principal": "bob",
      "action": "s3:GetObjectVersion",
      "resource": "bucket1/data/image4.png"
    },
    {
      "principal": "bob",
      "action": "s3:GetBucketVersioning",
      "resource": "data-bucket"
    },
    {
      "principal": "bob",
      "action": "s3:GetObject",
      "resource": "mybucket/images/config/images/image5.png"
    },
    {
      "principal": "bob",
      "action": "s3:PutObjectTagging",
      "resource": "data-bucket/backups/file8.txt"
    },
    {
      "principal": "bob",
      "action": "s3:PutBucketAcl",
      "resource": "data-bucket"
    },
    {
      "principal": "bob",
      "action": "s3:PutBucketAcl",
      "resource": "mybucket"
    },
    {
      "principal": "bob",
      "action": "s3:PutObjectAcl",
      "resource": "data-bucket/logs/file9.txt"
    },
    {
      "principal": "bob",
      "action": "s3:DeleteBucket",
      "resource": "data-bucket"
    },
    {
      "principal": "bob",
      "action": "s3:PutBucketPolicy",
      "resource": "app-storage"
    },
    {
      "principal": "bob",
      "action": "s3:GetObjectAcl",
      "resource": "app-storage/backups/files/users/image1.png"
    },
    {
      "principal": "bob",
      "action": "s3:PutObjectAcl",
      "resource": "app-storage/files/config/image1.png"
    },
    {
      "principal": "bob",
      "action": "s3:DeleteBucket",
      "resource": "app-storage"
    },
    {
      "principal": "bob",
      "action": "s3:ListBucketVersions",
      "resource": "bucket1"
    },
    {
      "principal": "bob",
      "action": "s3:PutObject",
      "resource": "mybucket/backups/file2.txt"
    },
    {
      "principal": "bob",
      "action": "s3:CreateBucket",
      "resource": "app-storage"
    },
    {
      "principal": "bob",
      "action": "s3:PutObjectAcl",
      "resource": "mybucket/files/config/file8.txt"
    },
    {
      "principal": "bob",
      "action": "s3:GetObjectTagging",
      "resource": "app-storage/images/logs/file2.txt"
    },
    {
      "principal": "bob",
      "action": "s3:GetBucketAcl",
      "resource": "bucket1"
    },
    {
      "principal": "bob",
      "action": "s3:PutObjectTagging",
      "resource": "data-bucket/users/image2.png"
    },
    {
      "principal": "bob",
      "action": "s3:DeleteObject",
      "resource": "bucket1/logs/backups/backups/file9.txt"
    },
    {
      "principal": "bob",
      "action": "s3:DeleteObject",
      "resource": "data-bucket/users/files/image5.png"
    },
    {
      "principal": "bob",
      "action": "s3:GetBucketAcl",
      "resource": "app-storage"
    },
    {
      "principal": "bob",
      "action": "s3:CreateBucket",
      "resource": "bucket1"
    },
    {
      "principal": "bob",
      "action": "s3:ListBucket",
      "resource": "mybucket"
    },
    {
      "principal": "bob",
      "action": "s3:PutObject",
      "resource": "mybucket/backups/backups/config/file2.txt"
    },
    {
      "principal": "bob",
      "action": "s3:PutObject",
      "resource": "mybucket/file8.txt"
    },
    {
      "principal": "bob",
      "action": "s3:PutBucketPolicy",
      "resource": "app-storage"
    },
    {
      "principal": "bob",
      "action": "s3:PutObjectAcl",
      "resource": "mybucket/image6.png"
    },
    {
      "principal": "bob",
      "action": "s3:GetObjectAcl",
      "resource": "data-bucket/backups/image7.png"
    },
    {
      "principal": "bob",
      "action": "s3:GetBucketAcl",
      "resource": "data-bucket"
    },
    {
      "principal": "bob",
      "action": "s3:PutBucketPolicy",
      "resource": "mybucket"
    },
    {
      "principal": "bob",
      "action": "s3:PutBucketVersioning",
      "resource": "app-storage"
    },
    {
      "principal": "bob",
      "action": "s3:PutObjectTagging",
      "resource": "mybucket/data/file2.txt"
    },
    {
      "principal": "bob",
      "action": "s3:PutObject",
      "resource": "bucket1/backups/images/image8.png"
    },
    {
      "principal": "bob",
      "action": "s3:ListBucket",
      "resource": "data-bucket"
    },
    {
      "principal": "bob",
      "action": "s3:ListBucket",
      "resource": "bucket1"
    },
    {
      "principal": "bob",
      "action": "s3:PutBucketVersioning",
      "resource": "mybucket"
    },
    {
      "principal": "bob",
      "action": "s3:GetObject",
      "resource": "data-bucket/config/images/files/file7.txt"
    },
    {
      "principal": "bob",
      "action": "s3:GetObjectVersion",
      "resource": "app-storage/image2.png"
    },
    {
      "principal": "bob",
      "action": "s3:PutObject",
      "resource": "bucket1/file1.txt"
    },
    {
      "principal": "bob",
      "action": "s3:GetObject",
      "resource": "data-bucket/backups/users/file1.txt"
    },
    {
      "principal": "bob",
      "action": "s3:ListBucket",
      "resource": "data-bucket"
    },
    {
      "principal": "bob",
      "action": "s3:ListBucketVersions",
      "resource": "app-storage"
    },
    {
      "principal": "bob",
      "action": "s3:ListBucket",
      "resource": "app-storage"
    },
    {
      "principal": "bob",
      "action": "s3:PutObjectAcl",
      "resource": "data-bucket/users/image4.png"
    },
    {
      "principal": "bob",
      "action": "s3:GetObject",
      "resource": "data-bucket/images/backups/files/image9.png"
    },
    {
      "principal": "bob",
      "action": "s3:PutBucketPolicy",
      "resource": "mybucket"
    },
    {
      "principal": "bob",
      "action": "s3:GetBucketPolicy",
      "resource": "mybucket"
    },
    {
      "principal": "bob",
      "action": "s3:DeleteObject",
      "resource": "app-storage/files/image6.png"
    },
    {
      "principal": "bob",
      "action": "s3:PutBucketAcl",
      "resource": "bucket1"
    },
    {
      "principal": "bob",
      "action": "s3:PutObject",
      "resource": "bucket1/users/logs/users/file8.txt"
    },
    {
      "principal": "bob",
      "action": "s3:CreateBucket",
      "resource": "bucket1"
    }
  ],
  "denied_requests": [
    {
      "principal": "bob",
      "action": "s3:PutObjectAcl",
      "resource": "secret/stuff0"
    },
    {
      "principal": "bob",
      "action": "s3:ListBucket",
      "resource": "secret/stuff1"
    },
    {
      "principal": "bob",
      "action": "s3:DeleteBucket",
      "resource": "secret/stuff2"
    },
    {
      "principal": "bob",
      "action": "s3:GetBucketVersioning",
      "resource": "secret/stuff3"
    },
    {
      "principal": "bob",
      "action": "s3:CreateBucket",
      "resource": "secret/stuff4"
    },
    {
      "principal": "bob",
      "action": "s3:ListBucketVersions",
      "resource": "secret/stuff5"
    },
    {
      "principal": "bob",
      "action": "s3:GetObject",
      "resource": "secret/stuff6"
    },
    {
      "principal": "bob",
      "action": "s3:CreateBucket",
      "resource": "secret/stuff7"
    }
  ]
}