{
  "allowed_requests": [
    {
      "principal": "bob",
      "action": "s3:PutObjectAcl",
      "resource": "app-storage/logs/file3.txt"
    },
    {
      "principal": "bob",
      "action": "s3:GetObjectTagging",
      "resource": "mybucket/file7.txt"
    },
    {
      "principal": "bob",
      "action": "s3:CreateBucket",
      "resource": "mybucket"
    },
    {
      "principal": "bob",
      "action": "s3:PutObjectAcl",
      "resource": "data-bucket/image1.png"
    },
    {
      "principal": "bob",
      "action": "s3:GetObjectAcl",
      "resource": "data-bucket/backups/config/backups/image1.png"
    },
    {
      "principal": "bob",
      "action": "s3:ListBucket",
      "resource": "data-bucket"
    },
    {
      "principal": "bob",
      "action": "s3:PutObjectAcl",
      "resource": "bucket1/data/image2.png"
    },
    {
      "principal": "bob",
      "action": "s3:GetObject",
      "resource": "app-storage/users/users/backups/file5.txt"
    },
    {
      "principal": "bob",
      "action": "s3:PutBucketVersioning",
      "resource": "mybucket"
    },
    {
      "principal": "bob",
      "action": "s3:PutObject",
      "resource": "bucket1/images/logs/logs/image8.png"
    },
    {
      "principal": "bob",
      "action": "s3:PutBucketVersioning",
      "resource": "bucket1"
    },
    {
      "principal": "bob",
      "action": "s3:PutBucketAcl",
      "resource": "mybucket"
    },
    {
      "principal": "bob",
      "action": "s3:GetObjectTagging",
      "resource": "data-bucket/file6.txt"
    },
    {
      "principal": "bob",
      "action": "s3:PutBucketAcl",
      "resource": "mybucket"
    },
    {
      "principal": "bob",
      "action": "s3:ListBucket",
      "resource": "mybucket"
    },
    {
      "principal": "bob",
      "action": "s3:CreateBucket",
      "resource": "bucket1"
    },
    {
      "principal": "bob",
      "action": "s3:DeleteObject",
      "resource": "mybucket/config/image3.png"
    },
    {
      "principal": "bob",
      "action": "s3:PutBucketVersioning",
      "resource": "data-bucket"
    },
    {
      "principal": "bob",
      "action": "s3:PutBucketVersioning",
      "resource": "app-storage"
    },
    {
      "principal": "bob",
      "action": "s3:GetBucketAcl",
      "resource": "data-bucket"
    },
    {
      "principal": "bob",
      "action": "s3:PutObjectTagging",
      "resource": "data-bucket/config/data/image4.png"
    },
    {
      "principal": "bob",
      "action": "s3:DeleteBucket",
      "resource": "mybucket"
    },
    {
      "principal": "bob",
      "action": "s3:PutBucketPolicy",
      "resource": "data-bucket"
    },
    {
      "principal": "bob",
      "action": "s3:GetObjectAcl",
      "resource": "mybucket/images/images/backups/image1.png"
    },
    {
      "principal": "bob",
      "action": "s3:GetBucketAcl",
      "resource": "data-bucket"
    },
    {
      "principal": "bob",
      "action": "s3:GetObject",
      "resource": "bucket1/images/image7.png"
    },
    {
      "principal": "bob",
      "action": "s3:ListBucketVersions",
      "resource": "app-storage"
    },
    {
      "principal": "bob",
      "action": "s3:GetObject",
      "resource": "app-storage/image4.png"
    },
    {
      "principal": "bob",
      "action": "s3:PutObject",
      "resource": "bucket1/backups/file6.txt"
    },
    {
      "principal": "bob",
      "action": "s3:GetObjectVersion",
      "resource": "app-storage/image4.png"
    },
    {
      "principal": "bob",
      "action": "s3:GetObject",
      "resource": "app-storage/config/image8.png"
    },
    {
      "principal": "bob",
      "action": "s3:PutObject",
      "resource": "mybucket/file3.txt"
    },
    {
      "principal": "bob",
      "action": "s3:GetObjectTagging",
      "resource": "app-storage/users/users/file9.txt"
    },
    {
      "principal": "bob",
      "action": "s3:DeleteBucket",
      "resource": "app-storage"
    },
    {
      "principal": "bob",
      "action": "s3:GetBucketLocation",
      "resource": "mybucket"
    },
    {
      "principal": "bob",
      "action": "s3:DeleteBucket",
      "resource": "data-bucket"
    },
    {
      "principal": "bob",
      "action": "s3:PutBucketAcl",
      "resource": "data-bucket"
    },
    {
      "principal": "bob",
      "action": "s3:PutObjectAcl",
      "resource": "bucket1/users/images/image9.png"
    },
    {
      "principal": "bob",
      "action": "s3:CreateBucket",
      "resource": "data-bucket"
    },
    {
      "principal": "bob",
      "action": "s3:GetBucketAcl",
      "resource": "mybucket"
    },
    {
      "principal": "bob",
      "action": "s3:DeleteObject",
      "resource": "bucket1/logs/image8.png"
    },
    {
      "principal": "bob",
      "action": "s3:GetObjectTagging",
      "resource": "mybucket/logs/image7.png"
    },
    {
      "principal": "bob",
      "action": "s3:DeleteBucket",
      "resource": "app-storage"
    },
    {
      "principal": "bob",
      "action": "s3:PutBucketVersioning",
      "resource": "mybucket"
    },
    {
      "principal": "bob",
      "action": "s3:PutObjectAcl",
      "resource": "app-storage/files/users/file1.txt"
    },
    {
      "principal": "bob",
      "action": "s3:GetObjectTagging",
      "resource": "mybucket/data/files/image4.png"
    },
    {
      "principal": "bob",
      "action": "s3:PutObjectAcl",
      "resource": "bucket1/images/images/images/image3.png"
    },
    {
      "principal": "bob",
      "action": "s3:GetObjectVersion",
      "resource": "data-bucket/users/data/image1.png"
    },
    {
      "principal": "bob",
      "action": "s3:PutObjectAcl",
      "resource": "bucket1/logs/images/config/file1.txt"
    },
    {
      "principal": "bob",
      "action": "s3:GetBucketAcl",
      "resource": "app-storage"
    },
    {
      "principal": "bob",
      "action": "s3:PutObjectAcl",
      "resource": "app-storage/images/image8.png"
    },
    {
      "principal": "bob",
      "action": "s3:GetBucketLocation",
      "resource": "mybucket"
    },
    {
      "principal": "bob",
      "action": "s3:GetObject",
      "resource": "mybucket/images/file2.txt"
    },
    {
      "principal": "bob",
      "action": "s3:ListBucket",
      "resource": "app-storage"
    },
    {
      "principal": "bob",
      "action": "s3:PutBucketPolicy",
      "resource": "app-storage"
    },
    {
      "principal": "bob",
      "action": "s3:PutObject",
      "resource": "mybucket/files/backups/images/file3.txt"
    },
    {
      "principal": "bob",
      "action": "s3:ListBucket",
      "resource": "bucket1"
    },
    {
      "principal": "bob",
      "action": "s3:PutObjectAcl",
      "resource": "app-storage/file9.txt"
    },
    {
      "principal": "bob",
      "action": "s3:GetBucketLocation",
      "resource": "app-storage"
    },
    {
      "principal": "bob",
      "action": "s3:GetBucketLocation",
      "resource": "bucket1"
    },
    {
      "principal": "bob",
      "action": "s3:GetBucketPolicy",
      "resource": "mybucket"
    },
    {
      "principal": "bob",
      "action": "s3:PutBucketAcl",
      "resource": "data-bucket"
    },
    {
      "principal": "bob",
      "action": "s3:ListBucketVersions",
      "resource": "bucket1"
    },
    {
      "principal": "bob",
      "action": "s3:GetObjectAcl",
      "resource": "mybucket/logs/image6.png"
    },
    {
      "principal": "bob",
      "action": "s3:PutObject",
      "resource": "bucket1/file4.txt"
    },
    {
      "principal": "bob",
      "action": "s3:ListBucketVersions",
      "resource": "data-bucket"
    },
    {
      "principal": "bob",
      "action": "s3:DeleteObject",
      "resource": "app-storage/images/image3.png"
    },
    {
      "principal": "bob",
      "action": "s3:PutBucketVersioning",
      "resource": "mybucket"
    },
    {
      "principal": "bob",
      "action": "s3:GetObjectVersion",
      "resource": "bucket1/data/users/images/image1.png"
    },
    {
      "principal": "bob",
      "action": "s3:GetObjectVersion",
      "resource": "app-storage/image4.png"
    },
    {
      "principal": "bob",
      "action": "s3:PutBucketPolicy",
      "resource": "app-storage"
    },
    {
      "principal": "bob",
      "action": "s3:PutObjectTagging",
      "resource": "mybucket/logs/files/file6.txt"
    },
    {
      "principal": "bob",
      "action": "s3:ListBucket",
      "resource": "mybucket"
    },
    {
      "principal": "bob",
      "action": "s3:GetObject",
      "resource": "bucket1/backups/logs/image9.png"
    },
    {
      "principal": "bob",
      "action": "s3:DeleteObject",
      "resource": "app-storage/users/data/backups/image5.png"
    },
    {
      "principal": "bob",
      "action": "s3:GetObjectAcl",
      "resource": "bucket1/image3.png"
    },
    {
      "principal": "bob",
      "action": "s3:ListBucketVersions",
      "resource": "bucket1"
    },
    {
      "principal": "bob",
      "action": "s3:DeleteObject",
      "resource": "app-storage/file8.txt"
    },
    {
      "principal": "bob",
      "action": "s3:GetBucketLocation",
      "resource": "bucket1"
    },
    {
      "principal": "bob",
      "action": "s3:GetBucketAcl",
      "resource": "bucket1"
    },
    {
      "principal": "bob",
      "action": "s3:PutObjectAcl",
      "resource": "mybucket/file4.txt"
    },
    {
      "principal": "bob",
      "action": "s3:PutBucketVersioning",
      "resource": "mybucket"
    },
    {
      "principal": "bob",
      "action": "s3:ListBucket",
      "resource": "data-bucket"
    },
    {
      "principal": "bob",
      "action": "s3:GetBucketAcl",
      "resource": "mybucket"
    },
    {
      "principal": "bob",
      "action": "s3:PutObject",
      "resource": "data-bucket/users/images/image3.png"
    },
    {
      "principal": "bob",
      "action": "s3:GetBucketPolicy",
      "resource": "data-bucket"
    },
    {
      "principal": "bob",
      "action": "s3:DeleteBucket",
      "resource": "app-storage"
    },
    {
      "principal": "bob",
      "action": "s3:GetBucketPolicy",
      "resource": "app-storage"
    },
    {
      "principal": "bob",
      "action": "s3:CreateBucket",
      "resource": "mybucket"
    },
    {
      "principal": "bob",
      "action": "s3:PutBucketAcl",
      "resource": "data-bucket"
    },
    {
      "principal": "bob",
      "action": "s3:GetObjectVersion",
      "resource": "bucket1/images/backups/images/file8.txt"
    },
    {
      "principal": "bob",
      "action": "s3:PutBucketVersioning",
      "resource": "mybucket"
    },
    {
      "principal": "bob",
      "action": "s3:PutBucketAcl",
      "resource": "data-bucket"
    },
    {
      "principal": "bob",
      "action": "s3:ListBucket",
      "resource": "app-storage"
    },
    {
      "principal": "bob",
      "action": "s3:DeleteBucket",
      "resource": "mybucket"
    }
  ],
  "denied_requests": [
    {
      "principal": "bob",
      "action": "s3:DeleteObject",
      "resource": "secret/stuff0"
    },
    {
      "principal": "bob",
      "action": "s3:PutObjectTagging",
      "resource": "secret/stuff1"
    },
    {
      "principal": "bob",
      "action": "s3:GetObjectTagging",
      "resource": "secret/stuff2"
    },
    {
      "principal": "bob",
      "action": "s3:PutObject",
      "resource": "secret/stuff3"
    },
    {
      "principal": "bob",
      "action": "s3:CreateBucket",
      "resource": "secret/stuff4"
    },
    {
      "principal": "bob",
      "action": "s3:PutObjectTagging",
      "resource": "secret/stuff5"
    },
    {
      "principal": "bob",
      "action": "s3:CreateBucket",
      "resource": "secret/stuff6"
    }
  ]
}