{
  "allowed_requests": [
    {
      "principal": "bob",
      "action": "s3:PutBucketVersioning",
      "resource": "mybucket"
    },
    {
      "principal": "bob",
      "action": "s3:GetObjectTagging",
      "resource": "data-bucket/backups/files/image7.png"
    },
    {
      "principal": "bob",
      "action": "s3:CreateBucket",
      "resource": "app-storage"
    },
    {
      "principal": "bob",
      "action": "s3:PutObject",
      "resource": "mybucket/users/image2.png"
    },
    {
      "principal": "bob",
      "action": "s3:PutObjectAcl",
      "resource": "data-bucket/backups/file8.txt"
    },
    {
      "principal": "bob",
      "action": "s3:PutBucketAcl",
      "resource": "mybucket"
    },
    {
      "principal": "bob",
      "action": "s3:GetBucketVersioning",
      "resource": "mybucket"
    },
    {
      "principal": "bob",
      "action": "s3:DeleteObject",
      "resource": "app-storage/files/images/files/file7.txt"
    },
    {
      "principal": "bob",
      "action": "s3:PutBucketPolicy",
      "resource": "bucket1"
    },
    {
      "principal": "bob",
      "action": "s3:CreateBucket",
      "resource": "data-bucket"
    },
    {
      "principal": "bob",
      "action": "s3:PutBucketVersioning",
      "resource": "mybucket"
    },
    {
      "principal": "bob",
      "action": "s3:PutBucketAcl",
      "resource": "app-storage"
    },
    {
      "principal": "bob",
      "action": "s3:ListBucket",
      "resource": "mybucket"
    },
    {
      "principal": "bob",
      "action": "s3:PutObjectAcl",
      "resource": "bucket1/logs/config/image6.png"
    },
    {
      "principal": "bob",
      "action": "s3:PutObjectAcl",
      "resource": "bucket1/file2.txt"
    },
    {
      "principal": "bob",
      "action": "s3:DeleteObject",
      "resource": "mybucket/file5.txt"
    },
    {
      "principal": "bob",
      "action": "s3:PutObjectAcl",
      "resource": "mybucket/files/image8.png"
    },
    {
      "principal": "bob",
      "action": "s3:GetObjectAcl",
      "resource": "bucket1/logs/files/file8.txt"
    },
    {
      "principal": "bob",
      "action": "s3:DeleteObject",
      "resource": "app-storage/logs/logs/backups/file3.txt"
    },
    {
      "principal": "bob",
      "action": "s3:PutObjectTagging",
      "resource": "mybucket/image4.png"
    },
    {
      "principal": "bob",
      "action": "s3:PutObjectAcl",
      "resource": "bucket1/users/logs/image5.png"
    },
    {
      "principal": "bob",
      "action": "s3:GetBucketAcl",
      "resource": "data-bucket"
    },
    {
      "principal": "bob",
      "action": "s3:ListBucket",
      "resource": "app-storage"
    },
    {
      "principal": "bob",
      "action": "s3:PutObject",
      "resource": "bucket1/users/image8.png"
    },
    {
      "principal": "bob",
      "action": "s3:DeleteObject",
      "resource": "bucket1/files/config/file7.txt"
    },
    {
      "principal": "bob",
      "action": "s3:GetObjectVersion",
      "resource": "mybucket/images/logs/config/file6.txt"
    },
    {
      "principal": "bob",
      "action": "s3:PutObjectTagging",
      "resource": "bucket1/images/data/backups/image3.png"
    },
    {
      "principal": "bob",
      "action": "s3:GetObjectAcl",
      "resource": "mybucket/file7.txt"
    },
    {
      "principal": "bob",
      "action": "s3:PutBucketAcl",
      "resource": "app-storage"
    },
    {
      "principal": "bob",
      "action": "s3:GetObjectTagging",
      "resource": "data-bucket/config/image3.png"
    },
    {
      "principal": "bob",
      "action": "s3:GetBucketPolicy",
      "resource": "mybucket"
    },
    {
      "principal": "bob",
      "action": "s3:PutBucketPolicy",
      "resource": "app-storage"
    },
    {
      "principal": "bob",
      "action": "s3:PutBucketAcl",
      "resource": "mybucket"
    },
    {
      "principal": "bob",
      "action": "s3:CreateBucket",
      "resource": "mybucket"
    },
    {
      "principal": "bob",
      "action": "s3:GetObjectVersion",
      "resource": "data-bucket/backups/images/images/image7.png"
    },
    {
      "principal": "bob",
      "action": "s3:PutObjectTagging",
      "resource": "data-bucket/files/users/config/file5.txt"
    },
    {
      "principal": "bob",
      "action": "s3:ListBucket",
      "resource": "app-storage"
    },
    {
      "principal": "bob",
      "action": "s3:PutObject",
      "resource": "bucket1/images/image6.png"
    },
    {
      "principal": "bob",
      "action": "s3:PutObject",
      "resource": "app-storage/users/image2.png"
    },
    {
      "principal": "bob",
      "action": "s3:GetObjectTagging",
      "resource": "mybucket/file3.txt"
    },
    {
      "principal": "bob",
      "action": "s3:GetBucketPolicy",
      "resource": "data-bucket"
    },
    {
      "principal": "bob",
      "action": "s3:GetObjectAcl",
      "resource": "bucket1/images/logs/backups/image2.png"
    },
    {
      "principal": "bob",
      "action": "s3:GetObjectAcl",
      "resource": "app-storage/images/files/image7.png"
    },
    {
      "principal": "bob",
      "action": "s3:GetBucketVersioning",
      "resource": "bucket1"
    },
    {
      "principal": "bob",
      "action": "s3:GetBucketLocation",
      "resource": "bucket1"
    },
    {
      "principal": "bob",
      "action": "s3:ListBucket",
      "resource": "mybucket"
    },
    {
      "principal": "bob",
      "action": "s3:GetObject",
      "resource": "app-storage/image4.png"
    },
    {
      "principal": "bob",
      "action": "s3:ListBucket",
      "resource": "mybucket"
    },
    {
      "principal": "bob",
      "action": "s3:GetObjectVersion",
      "resource": "mybucket/files/images/file5.txt"
    },
    {
      "principal": "bob",
      "action": "s3:DeleteObject",
      "resource": "app-storage/image4.png"
    },
    {
      "principal": "bob",
      "action": "s3:GetBucketLocation",
      "resource": "bucket1"
    },
    {
      "principal": "bob",
      "action": "s3:PutObjectTagging",
      "resource": "data-bucket/files/images/file4.txt"
    },
    {
      "principal": "bob",
      "action": "s3:GetBucketVersioning",
      "resource": "mybucket"
    },
    {
      "principal": "bob",
      "action": "s3:PutBucketVersioning",
      "resource": "mybucket"
    },
    {
      "principal": "bob",
      "action": "s3:GetObject",
      "resource": "data-bucket/data/image2.png"
    },
    {
      "principal": "bob",
      "action": "s3:GetBucketAcl",
      "resource": "data-bucket"
    },
    {
      "principal": "bob",
      "action": "s3:PutObjectAcl",
      "resource": "mybucket/users/files/file4.txt"
    },
    {
      "principal": "bob",
      "action": "s3:GetBucketVersioning",
      "resource": "mybucket"
    }
  ],
  "denied_requests": [
    {
      "principal": "bob",
      "action": "s3:DeleteObject",
      "resource": "secret/stuff0"
    },
    {
      "principal": "bob",
      "action": "s3:GetBucketPolicy",
      "resource": "secret/stuff1"
    },
    {
      "principal": "bob",
      "action": "s3:PutBucketPolicy",
      "resource": "secret/stuff2"
    },
    {
      "principal": "bob",
      "action": "s3:ListBucket",
      "resource": "secret/stuff3"
    },
    {
      "principal": "bob",
      "action": "s3:GetObjectAcl",
      "resource": "secret/stuff4"
    },
    {
      "principal": "bob",
      "action": "s3:GetBucketLocation",
      "resource": "secret/stuff5"
    }
  ]
}