{
  "allowed_requests": [
    {
      "principal": "bob",
      "action": "s3:PutObjectTagging",
      "resource": "mybucket/backups/image6.png"
    },
    {
      "principal": "bob",
      "action": "s3:GetObjectAcl",
      "resource": "bucket1/files/file6.txt"
    },
    {
      "principal": "bob",
      "action": "s3:PutBucketPolicy",
      "resource": "mybucket"
    },
    {
      "principal": "bob",
      "action": "s3:GetBucketPolicy",
      "resource": "app-storage"
    },
    {
      "principal": "bob",
      "action": "s3:GetObject",
      "resource": "app-storage/image6.png"
    },
    {
      "principal": "bob",
      "action": "s3:GetObjectVersion",
      "resource": "data-bucket/image1.png"
    },
    {
      "principal": "bob",
      "action": "s3:DeleteBucket",
      "resource": "data-bucket"
    },
    {
      "principal": "bob",
      "action": "s3:ListBucket",
      "resource": "mybucket"
    },
    {
      "principal": "bob",
      "action": "s3:GetBucketVersioning",
      "resource": "bucket1"
    },
    {
      "principal": "bob",
      "action": "s3:GetBucketAcl",
      "resource": "mybucket"
    },
    {
      "principal": "bob",
      "action": "s3:PutObjectAcl",
      "resource": "data-bucket/image2.png"
    },
    {
      "principal": "bob",
      "action": "s3:PutBucketAcl",
      "resource": "bucket1"
    },
    {
      "principal": "bob",
      "action": "s3:ListBucketVersions",
      "resource": "bucket1"
    },
    {
      "principal": "bob",
      "action": "s3:DeleteObject",
      "resource": "data-bucket/users/backups/file4.txt"
    },
    {
      "principal": "bob",
      "action": "s3:PutObject",
      "resource": "app-storage/file2.txt"
    },
    {
      "principal": "bob",
      "action": "s3:DeleteBucket",
      "resource": "data-bucket"
    },
    {
      "principal": "bob",
      "action": "s3:ListBucketVersions",
      "resource": "app-storage"
    },
    {
      "principal": "bob",
      "action": "s3:GetBucketAcl",
      "resource": "app-storage"
    },
    {
      "principal": "bob",
      "action": "s3:PutBucketPolicy",
      "resource": "bucket1"
    },
    {
      "principal": "bob",
      "action": "s3:PutObjectTagging",
      "resource": "app-storage/logs/backups/images/file3.txt"
    },
    {
      "principal": "bob",
      "action": "s3:PutBucketAcl",
      "resource": "app-storage"
    },
    {
      "principal": "bob",
      "action": "s3:PutBucketAcl",
      "resource": "data-bucket"
    },
    {
      "principal": "bob",
      "action": "s3:GetBucketAcl",
      "resource": "mybucket"
    },
    {
      "principal": "bob",
      "action": "s3:PutObjectTagging",
      "resource": "app-storage/files/data/config/file6.txt"
    },
    {
      "principal": "bob",
      "action": "s3:CreateBucket",
      "resource": "app-storage"
    },
    {
      "principal": "bob",
      "action": "s3:DeleteObject",
      "resource": "data-bucket/config/data/file1.txt"
    },
    {
      "principal": "bob",
      "action": "s3:GetBucketAcl",
      "resource": "app-storage"
    },
    {
      "principal": "bob",
      "action": "s3:GetObjectAcl",
      "resource": "bucket1/image1.png"
    },
    {
      "principal": "bob",
      "action": "s3:PutObjectAcl",
      "resource": "mybucket/image9.png"
    },
    {
      "principal": "bob",
      "action": "s3:PutBucketVersioning",
      "resource": "data-bucket"
    },
    {
      "principal": "bob",
      "action": "s3:GetBucketPolicy",
      "resource": "app-storage"
    },
    {
      "principal": "bob",
      "action": "s3:ListBucketVersions",
      "resource": "app-storage"
    },
    {
      "principal": "bob",
      "action": "s3:GetObjectVersion",
      "resource": "data-bucket/backups/file4.txt"
    },
    {
      "principal": "bob",
      "action": "s3:GetBucketPolicy",
      "resource": "data-bucket"
    },
    {
      "principal": "bob",
      "action": "s3:PutObject",
      "resource": "bucket1/files/backups/file9.txt"
    },
    {
      "principal": "bob",
      "action": "s3:PutBucketAcl",
      "resource": "bucket1"
    },
    {
      "principal": "bob",
      "action": "s3:PutObjectTagging",
      "resource": "bucket1/users/backups/data/file3.txt"
    },
    {
      "principal": "bob",
      "action": "s3:PutObject",
      "resource": "data-bucket/config/images/file3.txt"
    },
    {
      "principal": "bob",
      "action": "s3:GetObjectAcl",
      "resource": "bucket1/config/users/image5.png"
    },
    {
      "principal": "bob",
      "action": "s3:GetObjectAcl",
      "resource": "data-bucket/image4.png"
    },
    {
      "principal": "bob",
      "action": "s3:PutBucketPolicy",
      "resource": "mybucket"
    },
    {
      "principal": "bob",
      "action": "s3:PutObjectTagging",
      "resource": "bucket1/files/image3.png"
    },
    {
      "principal": "bob",
      "action": "s3:GetObjectTagging",
      "resource": "app-storage/users/backups/image6.png"
    },
    {
      "principal": "bob",
      "action": "s3:PutBucketAcl",
      "resource": "app-storage"
    },
    {
      "principal": "bob",
      "action": "s3:ListBucket",
      "resource": "data-bucket"
    },
    {
      "principal": "bob",
      "action": "s3:PutObjectAcl",
      "resource": "bucket1/image6.png"
    },
    {
      "principal": "bob",
      "action": "s3:DeleteBucket",
      "resource": "bucket1"
    },
    {
      "principal": "bob",
      "action": "s3:PutObject",
      "resource": "bucket1/backups/users/backups/file9.txt"
    },
    {
      "principal": "bob",
      "action": "s3:PutBucketAcl",
      "resource": "data-bucket"
    }
  ],
  "denied_requests": [
    {
      "principal": "bob",
      "action": "s3:ListBucket",
      "resource": "secret/stuff0"
    },
    {
      "principal": "bob",
      "action": "s3:PutObjectAcl",
      "resource": "secret/stuff1"
    },
    {
      "principal": "bob",
      "action": "s3:ListBucketVersions",
      "resource": "secret/stuff2"
    },
    {
      "principal": "bob",
      "action": "s3:GetBucketVersioning",
      "resource": "secret/stuff3"
    },
    {
      "principal": "bob",
      "action": "s3:GetObjectAcl",
      "resource": "secret/stuff4"
    },
    {
      "principal": "bob",
      "action": "s3:DeleteBucket",
      "resource": "secret/stuff5"
    },
    {
      "principal": "bob",
      "action": "s3:GetBucketLocation",
      "resource": "secret/stuff6"
    },
    {
      "principal": "bob",
      "action": "s3:GetObjectVersion",
      "resource": "secret/stuff7"
    },
    {
      "principal": "bob",
      "action": "s3:GetObjectTagging",
      "resource": "secret/stuff8"
    },
    {
      "principal": "bob",
      "action": "s3:DeleteObject",
      "resource": "secret/stuff9"
    }
  ]
}