{
  "allowed_requests": [
    {
      "principal": "bob",
      "action": "s3:PutObjectTagging",
      "resource": "bucket1/logs/logs/config/image8.png"
    },
    {
      "principal": "bob",
      "action": "s3:PutBucketVersioning",
      "resource": "bucket1"
    },
    {
      "principal": "bob",
      "action": "s3:PutObject",
      "resource": "data-bucket/images/image7.png"
    },
    {
      "principal": "bob",
      "action": "s3:PutObjectAcl",
      "resource": "app-storage/backups/users/logs/file5.txt"
    },
    {
      "principal": "bob",
      "action": "s3:PutBucketVersioning",
      "resource": "app-storage"
    },
    {
      "principal": "bob",
      "action": "s3:PutObject",
      "resource": "app-storage/files/images/files/image3.png"
    },
    {
      "principal": "bob",
      "action": "s3:PutObject",
      "resource": "data-bucket/file1.txt"
    },
    {
      "principal": "bob",
      "action": "s3:PutObjectAcl",
      "resource": "mybucket/data/image1.png"
    },
    {
      "principal": "bob",
      "action": "s3:GetBucketLocation",
      "resource": "bucket1"
    },
    {
      "principal": "bob",
      "action": "s3:GetObjectTagging",
      "resource": "app-storage/image4.png"
    },
    {
      "principal": "bob",
      "action": "s3:PutBucketAcl",
      "resource": "mybucket"
    },
    {
      "principal": "bob",
      "action": "s3:PutBucketPolicy",
      "resource": "mybucket"
    },
    {
      "principal": "bob",
      "action": "s3:PutObject",
      "resource": "app-storage/file8.txt"
    },
    {
      "principal": "bob",
      "action": "s3:GetObjectAcl",
      "resource": "app-storage/file5.txt"
    },
    {
      "principal": "bob",
      "action": "s3:PutObjectTagging",
      "resource": "app-storage/users/backups/files/image5.png"
    },
    {
      "principal": "bob",
      "action": "s3:DeleteBucket",
      "resource": "app-storage"
    },
    {
      "principal": "bob",
      "action": "s3:PutObjectTagging",
      "resource": "app-storage/images/logs/image3.png"
    },
    {
      "principal": "bob",
      "action": "s3:GetBucketPolicy",
      "resource": "app-storage"
    },
    {
      "principal": "bob",
      "action": "s3:GetBucketVersioning",
      "resource": "mybucket"
    },
    {
      "principal": "bob",
      "action": "s3:ListBucket",
      "resource": "bucket1"
    },
    {
      "principal": "bob",
      "action": "s3:CreateBucket",
      "resource": "mybucket"
    },
    {
      "principal": "bob",
      "action": "s3:GetObjectVersion",
      "resource": "mybucket/users/backups/file3.txt"
    },
    {
      "principal": "bob",
      "action": "s3:PutBucketVersioning",
      "resource": "bucket1"
    },
    {
      "principal": "bob",
      "action": "s3:GetBucketLocation",
      "resource": "bucket1"
    },
    {
      "principal": "bob",
      "action": "s3:GetObjectVersion",
      "resource": "app-storage/file2.txt"
    },
    {
      "principal": "bob",
      "action": "s3:DeleteObject",
      "resource": "data-bucket/files/users/file4.txt"
    },
    {
      "principal": "bob",
      "action": "s3:CreateBucket",
      "resource": "data-bucket"
    },
    {
      "principal": "bob",
      "action": "s3:GetObjectAcl",
      "resource": "data-bucket/config/logs/backups/file5.txt"
    },
    {
      "principal": "bob",
      "action": "s3:GetBucketLocation",
      "resource": "bucket1"
    },
    {
      "principal": "bob",
      "action": "s3:PutObjectTagging",
      "resource": "data-bucket/backups/users/file9.txt"
    },
    {
      "principal": "bob",
      "action": "s3:PutBucketPolicy",
      "resource": "app-storage"
    },
    {
      "principal": "bob",
      "action": "s3:ListBucketVersions",
      "resource": "app-storage"
    },
    {
      "principal": "bob",
      "action": "s3:PutBucketPolicy",
      "resource": "bucket1"
    },
    {
      "principal": "bob",
      "action": "s3:ListBucketVersions",
      "resource": "app-storage"
    },
    {
      "principal": "bob",
      "action": "s3:DeleteBucket",
      "resource": "mybucket"
    },
    {
      "principal": "bob",
      "action": "s3:CreateBucket",
      "resource": "mybucket"
    },
    {
      "principal": "bob",
      "action": "s3:PutBucketVersioning",
      "resource": "bucket1"
    },
    {
      "principal": "bob",
      "action": "s3:GetObjectVersion",
      "resource": "app-storage/data/users/file9.txt"
    },
    {
      "principal": "bob",
      "action": "s3:ListBucket",
      "resource": "bucket1"
    },
    {
      "principal": "bob",
      "action": "s3:PutBucketVersioning",
      "resource": "mybucket"
    },
    {
      "principal": "bob",
      "action": "s3:GetBucketPolicy",
      "resource": "bucket1"
    },
    {
      "principal": "bob",
      "action": "s3:GetBucketPolicy",
      "resource": "data-bucket"
    },
    {
      "principal": "bob",
      "action": "s3:GetBucketAcl",
      "resource": "bucket1"
    },
    {
      "principal": "bob",
      "action": "s3:GetObject",
      "resource": "mybucket/image2.png"
    },
    {
      "principal": "bob",
      "action": "s3:DeleteObject",
      "resource": "app-storage/image5.png"
    },
    {
      "principal": "bob",
      "action": "s3:PutBucketAcl",
      "resource": "bucket1"
    },
    {
      "principal": "bob",
      "action": "s3:GetObjectTagging",
      "resource": "app-storage/users/file2.txt"
    },
    {
      "principal": "bob",
      "action": "s3:GetObject",
      "resource": "bucket1/data/logs/config/file8.txt"
    },
    {
      "principal": "bob",
      "action": "s3:GetBucketVersioning",
      "resource": "app-storage"
    },
    {
      "principal": "bob",
      "action": "s3:GetObject",
      "resource": "mybucket/config/file1.txt"
    },
    {
      "principal": "bob",
      "action": "s3:GetObject",
      "resource": "mybucket/file6.txt"
    },
    {
      "principal": "bob",
      "action": "s3:GetObject",
      "resource": "data-bucket/data/config/users/image7.png"
    },
    {
      "principal": "bob",
      "action": "s3:DeleteObject",
      "resource": "bucket1/files/file1.txt"
    },
    {
      "principal": "bob",
      "action": "s3:PutBucketAcl",
      "resource": "mybucket"
    },
    {
      "principal": "bob",
      "action": "s3:ListBucket",
      "resource": "app-storage"
    },
    {
      "principal": "bob",
      "action": "s3:DeleteBucket",
      "resource": "data-bucket"
    },
    {
      "principal": "bob",
      "action": "s3:GetObjectVersion",
      "resource": "bucket1/image6.png"
    },
    {
      "principal": "bob",
      "action": "s3:GetBucketLocation",
      "resource": "app-storage"
    },
    {
      "principal": "bob",
      "action": "s3:GetObject",
      "resource": "bucket1/file7.txt"
    },
    {
      "principal": "bob",
      "action": "s3:ListBucket",
      "resource": "bucket1"
    },
    {
      "principal": "bob",
      "action": "s3:GetObjectVersion",
      "resource": "mybucket/images/image6.png"
    },
    {
      "principal": "bob",
      "action": "s3:ListBucket",
      "resource": "mybucket"
    },
    {
      "principal": "bob",
      "action": "s3:GetObjectTagging",
      "resource": "app-storage/backups/images/backups/file2.txt"
    },
    {
      "principal": "bob",
      "action": "s3:PutObjectTagging",
      "resource": "bucket1/file9.txt"
    },
    {
      "principal": "bob",
      "action": "s3:PutBucketVersioning",
      "resource": "app-storage"
    },
    {
      "principal": "bob",
      "action": "s3:PutBucketAcl",
      "resource": "bucket1"
    },
    {
      "principal": "bob",
      "action": "s3:PutObjectAcl",
      "resource": "data-bucket/users/data/images/file1.txt"
    },
    {
      "principal": "bob",
      "action": "s3:GetBucketLocation",
      "resource": "data-bucket"
    },
    {
      "principal": "bob",
      "action": "s3:PutBucketVersioning",
      "resource": "app-storage"
    },
    {
      "principal": "bob",
      "action": "s3:PutObjectAcl",
      "resource": "mybucket/backups/file9.txt"
    },
    {
      "principal": "bob",
      "action": "s3:DeleteObject",
      "resource": "mybucket/data/images/image4.png"
    },
    {
      "principal": "bob",
      "action": "s3:ListBucketVersions",
      "resource": "data-bucket"
    },
    {
      "principal": "bob",
      "action": "s3:DeleteBucket",
      "resource": "bucket1"
    },
    {
      "principal": "bob",
      "action": "s3:PutBucketPolicy",
      "resource": "data-bucket"
    },
    {
      "principal": "bob",
      "action": "s3:GetObjectVersion",
      "resource": "bucket1/files/file1.txt"
    },
    {
      "principal": "bob",
      "action": "s3:GetObject",
      "resource": "data-bucket/users/config/logs/image7.png"
    },
    {
      "principal": "bob",
      "action": "s3:PutBucketVersioning",
      "resource": "bucket1"
    }
  ],
  "denied_requests": [
    {
      "principal": "bob",
      "action": "s3:PutObject",
      "resource": "secret/stuff0"
    },
    {
      "principal": "bob",
      "action": "s3:DeleteBucket",
      "resource": "secret/stuff1"
    },
    {
      "principal": "bob",
      "action": "s3:GetObjectAcl",
      "resource": "secret/stuff2"
    },
    {
      "principal": "bob",
      "action": "s3:DeleteBucket",
      "resource": "secret/stuff3"
    },
    {
      "principal": "bob",
      "action": "s3:PutObjectTagging",
      "resource": "secret/stuff4"
    },
    {
      "principal": "bob",
      "action": "s3:DeleteBucket",
      "resource": "secret/stuff5"
    },
    {
      "principal": "bob",
      "action": "s3:GetObjectVersion",
      "resource": "secret/stuff6"
    },
    {
      "principal": "bob",
      "action": "s3:ListBucketVersions",
      "resource": "secret/stuff7"
    },
    {
      "principal": "bob",
      "action": "s3:GetObjectVersion",
      "resource": "secret/stuff8"
    },
    {
      "principal": "bob",
      "action": "s3:ListBucketVersions",
      "resource": "secret/stuff9"
    },
    {
      "principal": "bob",
      "action": "s3:ListBucket",
      "resource": "secret/stuff10"
    },
    {
      "principal": "bob",
      "action": "s3:GetBucketVersioning",
      "resource": "secret/stuff11"
    },
    {
      "principal": "bob",
      "action": "s3:PutObjectTagging",
      "resource": "secret/stuff12"
    },
    {
      "principal": "bob",
      "action": "s3:GetBucketVersioning",
      "resource": "secret/stuff13"
    },
    {
      "principal": "bob",
      "action": "s3:PutObjectTagging",
      "resource": "secret/stuff14"
    },
    {
      "principal": "bob",
      "action": "s3:PutBucketAcl",
      "resource": "secret/stuff15"
    }
  ]
}