{
  "allowed_requests": [
    {
      "principal": "bob",
      "action": "s3:DeleteObject",
      "resource": "mybucket/data/data/users/image3.png"
    },
    {
      "principal": "bob",
      "action": "s3:PutBucketAcl",
      "resource": "app-storage"
    },
    {
      "principal": "bob",
      "action": "s3:GetObjectVersion",
      "resource": "mybucket/backups/file2.txt"
    },
    {
      "principal": "bob",
      "action": "s3:PutBucketPolicy",
      "resource": "bucket1"
    },
    {
      "principal": "bob",
      "action": "s3:GetObjectVersion",
      "resource": "app-storage/image1.png"
    },
    {
      "principal": "bob",
      "action": "s3:PutObject",
      "resource": "bucket1/image6.png"
    },
    {
      "principal": "bob",
      "action": "s3:GetObjectTagging",
      "resource": "data-bucket/images/images/data/file7.txt"
    },
    {
      "principal": "bob",
      "action": "s3:ListBucket",
      "resource": "bucket1"
    },
    {
      "principal": "bob",
      "action": "s3:DeleteObject",
      "resource": "app-storage/data/images/backups/file7.txt"
    },
    {
      "principal": "bob",
      "action": "s3:DeleteObject",
      "resource": "app-storage/image2.png"
    },
    {
      "principal": "bob",
      "action": "s3:PutObject",
      "resource": "data-bucket/data/config/images/file5.txt"
    },
    {
      "principal": "bob",
      "action": "s3:PutObject",
      "resource": "mybucket/file7.txt"
    },
    {
      "principal": "bob",
      "action": "s3:GetBucketPolicy",
      "resource": "bucket1"
    },
    {
      "principal": "bob",
      "action": "s3:PutBucketVersioning",
      "resource": "app-storage"
    },
    {
      "principal": "bob",
      "action": "s3:GetObjectTagging",
      "resource": "data-bucket/image5.png"
    },
    {
      "principal": "bob",
      "action": "s3:GetObject",
      "resource": "mybucket/file7.txt"
    },
    {
      "principal": "bob",
      "action": "s3:GetObjectVersion",
      "resource": "bucket1/file7.txt"
    },
    {
      "principal": "bob",
      "action": "s3:GetObjectAcl",
      "resource": "mybucket/data/images/image4.png"
    },
    {
      "principal": "bob",
      "action": "s3:ListBucket",
      "resource": "mybucket"
    },
    {
      "principal": "bob",
      "action": "s3:GetObject",
      "resource": "bucket1/image3.png"
    },
    {
      "principal": "bob",
      "action": "s3:GetBucketAcl",
      "resource": "app-storage"
    },
    {
      "principal": "bob",
      "action": "s3:PutObjectTagging",
      "resource": "app-storage/data/image7.png"
    },
    {
      "principal": "bob",
      "action": "s3:CreateBucket",
      "resource": "app-storage"
    },
    {
      "principal": "bob",
      "action": "s3:GetObjectTagging",
      "resource": "bucket1/file5.txt"
    },
    {
      "principal": "bob",
      "action": "s3:ListBucket",
      "resource": "mybucket"
    },
    {
      "principal": "bob",
      "action": "s3:GetObjectTagging",
      "resource": "app-storage/file3.txt"
    },
    {
      "principal": "bob",
      "action": "s3:GetObject",
      "resource": "mybucket/logs/data/file6.txt"
    },
    {
      "principal": "bob",
      "action": "s3:ListBucketVersions",
      "resource": "mybucket"
    },
    {
      "principal": "bob",
      "action": "s3:GetObject",
      "resource": "data-bucket/backups/users/logs/image9.png"
    },
    {
      "principal": "bob",
      "action": "s3:PutBucketVersioning",
      "resource": "app-storage"
    },
    {
      "principal": "bob",
      "action": "s3:CreateBucket",
      "resource": "mybucket"
    },
    {
      "principal": "bob",
      "action": "s3:GetBucketAcl",
      "resource": "bucket1"
    },
    {
      "principal": "bob",
      "action": "s3:PutObjectAcl",
      "resource": "mybucket/logs/files/image1.png"
    },
    {
      "principal": "bob",
      "action": "s3:PutObject",
      "resource": "app-storage/files/config/image3.png"
    },
    {
      "principal": "bob",
      "action": "s3:PutBucketPolicy",
      "resource": "bucket1"
    },
    {
      "principal": "bob",
      "action": "s3:PutBucketVersioning",
      "resource": "data-bucket"
    },
    {
      "principal": "bob",
      "action": "s3:ListBucketVersions",
      "resource": "app-storage"
    },
    {
      "principal": "bob",
      "action": "s3:DeleteObject",
      "resource": "mybucket/images/images/backups/image2.png"
    },
    {
      "principal": "bob",
      "action": "s3:GetBucketVersioning",
      "resource": "data-bucket"
    },
    {
      "principal": "bob",
      "action": "s3:GetBucketPolicy",
      "resource": "bucket1"
    },
    {
      "principal": "bob",
      "action": "s3:PutBucketPolicy",
      "resource": "data-bucket"
    },
    {
      "principal": "bob",
      "action": "s3:PutBucketAcl",
      "resource": "mybucket"
    },
    {
      "principal": "bob",
      "action": "s3:GetObject",
      "resource": "mybucket/logs/users/files/image1.png"
    },
    {
      "principal": "bob",
      "action": "s3:PutObjectAcl",
      "resource": "app-storage/data/data/image1.png"
    },
    {
      "principal": "bob",
      "action": "s3:PutObject",
      "resource": "data-bucket/image5.png"
    },
    {
      "principal": "bob",
      "action": "s3:GetBucketAcl",
      "resource": "app-storage"
    },
    {
      "principal": "bob",
      "action": "s3:DeleteBucket",
      "resource": "data-bucket"
    },
    {
      "principal": "bob",
      "action": "s3:GetBucketPolicy",
      "resource": "data-bucket"
    },
    {
      "principal": "bob",
      "action": "s3:GetObjectTagging",
      "resource": "bucket1/backups/file2.txt"
    },
    {
      "principal": "bob",
      "action": "s3:GetObjectTagging",
      "resource": "app-storage/logs/backups/users/image8.png"
    },
    {
      "principal": "bob",
      "action": "s3:PutBucketPolicy",
      "resource": "data-bucket"
    },
    {
      "principal": "bob",
      "action": "s3:GetBucketVersioning",
      "resource": "mybucket"
    },
    {
      "principal": "bob",
      "action": "s3:ListBucketVersions",
      "resource": "data-bucket"
    },
    {
      "principal": "bob",
      "action": "s3:GetObject",
      "resource": "bucket1/file8.txt"
    },
    {
      "principal": "bob",
      "action": "s3:GetBucketVersioning",
      "resource": "app-storage"
    },
    {
      "principal": "bob",
      "action": "s3:GetObject",
      "resource": "bucket1/data/images/files/file8.txt"
    },
    {
      "principal": "bob",
      "action": "s3:GetObjectVersion",
      "resource": "bucket1/backups/image1.png"
    },
    {
      "principal": "bob",
      "action": "s3:PutBucketPolicy",
      "resource": "mybucket"
    },
    {
      "principal": "bob",
      "action": "s3:PutObjectTagging",
      "resource": "bucket1/logs/backups/config/file1.txt"
    },
    {
      "principal": "bob",
      "action": "s3:GetBucketLocation",
      "resource": "data-bucket"
    },
    {
      "principal": "bob",
      "action": "s3:PutObject",
      "resource": "mybucket/images/logs/logs/file8.txt"
    },
    {
      "principal": "bob",
      "action": "s3:PutObjectTagging",
      "resource": "mybucket/config/backups/file6.txt"
    },
    {
      "principal": "bob",
      "action": "s3:ListBucketVersions",
      "resource": "bucket1"
    },
    {
      "principal": "bob",
      "action": "s3:PutBucketAcl",
      "resource": "app-storage"
    },
    {
      "principal": "bob",
      "action": "s3:GetBucketAcl",
      "resource": "bucket1"
    },
    {
      "principal": "bob",
      "action": "s3:CreateBucket",
      "resource": "app-storage"
    },
    {
      "principal": "bob",
      "action": "s3:ListBucket",
      "resource": "mybucket"
    },
    {
      "principal": "bob",
      "action": "s3:PutBucketAcl",
      "resource": "mybucket"
    },
    {
      "principal": "bob",
      "action": "s3:GetBucketAcl",
      "resource": "mybucket"
    },
    {
      "principal": "bob",
      "action": "s3:GetBucketVersioning",
      "resource": "mybucket"
    },
    {
      "principal": "bob",
      "action": "s3:ListBucketVersions",
      "resource": "bucket1"
    },
    {
      "principal": "bob",
      "action": "s3:GetBucketAcl",
      "resource": "app-storage"
    },
    {
      "principal": "bob",
      "action": "s3:PutBucketPolicy",
      "resource": "app-storage"
    },
    {
      "principal": "bob",
      "action": "s3:ListBucket",
      "resource": "app-storage"
    },
    {
      "principal": "bob",
      "action": "s3:GetBucketVersioning",
      "resource": "app-storage"
    },
    {
      "principal": "bob",
      "action": "s3:GetObjectTagging",
      "resource": "app-storage/file7.txt"
    },
    {
      "principal": "bob",
      "action": "s3:ListBucketVersions",
      "resource": "app-storage"
    },
    {
      "principal": "bob",
      "action": "s3:DeleteBucket",
      "resource": "app-storage"
    },
    {
      "principal": "bob",
      "action": "s3:GetObjectAcl",
      "resource": "app-storage/data/file3.txt"
    },
    {
      "principal": "bob",
      "action": "s3:GetObjectAcl",
      "resource": "bucket1/logs/logs/image5.png"
    },
    {
      "principal": "bob",
      "action": "s3:DeleteObject",
      "resource": "app-storage/files/files/file9.txt"
    },
    {
      "principal": "bob",
      "action": "s3:PutObject",
      "resource": "app-storage/logs/logs/image1.png"
    },
    {
      "principal": "bob",
      "action": "s3:PutObjectAcl",
      "resource": "mybucket/logs/backups/logs/image5.png"
    },
    {
      "principal": "bob",
      "action": "s3:GetObjectAcl",
      "resource": "bucket1/backups/backups/files/file3.txt"
    },
    {
      "principal": "bob",
      "action": "s3:PutObjectTagging",
      "resource": "app-storage/backups/users/image1.png"
    },
    {
      "principal": "bob",
      "action": "s3:PutObject",
      "resource": "data-bucket/files/image9.png"
    },
    {
      "principal": "bob",
      "action": "s3:ListBucket",
      "resource": "mybucket"
    },
    {
      "principal": "bob",
      "action": "s3:GetBucketAcl",
      "resource": "app-storage"
    },
    {
      "principal": "bob",
      "action": "s3:PutBucketPolicy",
      "resource": "mybucket"
    },
    {
      "principal": "bob",
      "action": "s3:GetObjectAcl",
      "resource": "data-bucket/files/image4.png"
    },
    {
      "principal": "bob",
      "action": "s3:PutBucketAcl",
      "resource": "app-storage"
    }
  ],
  "denied_requests": [
    {
      "principal": "bob",
      "action": "s3:GetObjectAcl",
      "resource": "secret/stuff0"
    },
    {
      "principal": "bob",
      "action": "s3:PutObject",
      "resource": "secret/stuff1"
    },
    {
      "principal": "bob",
      "action": "s3:GetBucketVersioning",
      "resource": "secret/stuff2"
    },
    {
      "principal": "bob",
      "action": "s3:PutObjectAcl",
      "resource": "secret/stuff3"
    },
    {
      "principal": "bob",
      "action": "s3:GetBucketVersioning",
      "resource": "secret/stuff4"
    },
    {
      "principal": "bob",
      "action": "s3:DeleteObject",
      "resource": "secret/stuff5"
    },
    {
      "principal": "bob",
      "action": "s3:PutObjectAcl",
      "resource": "secret/stuff6"
    },
    {
      "principal": "bob",
      "action": "s3:DeleteObject",
      "resource": "secret/stuff7"
    },
    {
      "principal": "bob",
      "action": "s3:GetObjectVersion",
      "resource": "secret/stuff8"
    },
    {
      "principal": "bob",
      "action": "s3:ListBucket",
      "resource": "secret/stuff9"
    },
    {
      "principal": "bob",
      "action": "s3:PutBucketPolicy",
      "resource": "secret/stuff10"
    },
    {
      "principal": "bob",
      "action": "s3:GetObjectAcl",
      "resource": "secret/stuff11"
    }
  ]
}