{
  "allowed_requests": [
    {
      "principal": "bob",
      "action": "s3:PutObjectAcl",
      "resource": "mybucket/file8.txt"
    },
    {
      "principal": "bob",
      "action": "s3:DeleteBucket",
      "resource": "app-storage"
    },
    {
      "principal": "bob",
      "action": "s3:GetObject",
      "resource": "bucket1/data/files/data/image1.png"
    },
    {
      "principal": "bob",
      "action": "s3:PutBucketAcl",
      "resource": "app-storage"
    },
    {
      "principal": "bob",
      "action": "s3:GetObjectTagging",
      "resource": "data-bucket/logs/images/file1.txt"
    },
    {
      "principal": "bob",
      "action": "s3:GetObjectTagging",
      "resource": "app-storage/backups/logs/file2.txt"
    },
    {
      "principal": "bob",
      "action": "s3:GetBucketVersioning",
      "resource": "mybucket"
    },
    {
      "principal": "bob",
      "action": "s3:PutBucketPolicy",
      "resource": "app-storage"
    },
    {
      "principal": "bob",
      "action": "s3:PutBucketVersioning",
      "resource": "bucket1"
    },
    {
      "principal": "bob",
      "action": "s3:GetBucketLocation",
      "resource": "app-storage"
    },
    {
      "principal": "bob",
      "action": "s3:GetObject",
      "resource": "bucket1/backups/config/users/image4.png"
    },
    {
      "principal": "bob",
      "action": "s3:GetObjectAcl",
      "resource": "app-storage/file3.txt"
    },
    {
      "principal": "bob",
      "action": "s3:PutObject",
      "resource": "data-bucket/config/data/image2.png"
    },
    {
      "principal": "bob",
      "action": "s3:GetBucketPolicy",
      "resource": "data-bucket"
    },
    {
      "principal": "bob",
      "action": "s3:ListBucketVersions",
      "resource": "data-bucket"
    },
    {
      "principal": "bob",
      "action": "s3:PutObjectAcl",
      "resource": "mybucket/config/logs/image9.png"
    },
    {
      "principal": "bob",
      "action": "s3:GetBucketLocation",
      "resource": "data-bucket"
    },
    {
      "principal": "bob",
      "action": "s3:GetBucketPolicy",
      "resource": "app-storage"
    },
    {
      "principal": "bob",
      "action": "s3:PutBucketVersioning",
      "resource": "bucket1"
    },
    {
      "principal": "bob",
      "action": "s3:PutObject",
      "resource": "bucket1/backups/image8.png"
    },
    {
      "principal": "bob",
      "action": "s3:GetObjectTagging",
      "resource": "data-bucket/users/data/image4.png"
    },
    {
      "principal": "bob",
      "action": "s3:GetBucketAcl",
      "resource": "bucket1"
    },
    {
      "principal": "bob",
      "action": "s3:PutBucketPolicy",
      "resource": "app-storage"
    },
    {
      "principal": "bob",
      "action": "s3:PutBucketAcl",
      "resource": "bucket1"
    },
    {
      "principal": "bob",
      "action": "s3:GetObjectVersion",
      "resource": "data-bucket/image1.png"
    },
    {
      "principal": "bob",
      "action": "s3:GetObjectVersion",
      "resource": "data-bucket/data/file5.txt"
    },
    {
      "principal": "bob",
      "action": "s3:GetBucketVersioning",
      "resource": "data-bucket"
    },
    {
      "principal": "bob",
      "action": "s3:GetObjectAcl",
      "resource": "data-bucket/data/images/image3.png"
    },
    {
      "principal": "bob",
      "action": "s3:GetObject",
      "resource": "app-storage/image1.png"
    },
    {
      "principal": "bob",
      "action": "s3:PutBucketAcl",
      "resource": "data-bucket"
    },
    {
      "principal": "bob",
      "action": "s3:PutBucketPolicy",
      "resource": "app-storage"
    },
    {
      "principal": "bob",
      "action": "s3:PutObjectTagging",
      "resource": "bucket1/config/logs/data/image7.png"
    },
    {
      "principal": "bob",
      "action": "s3:GetBucketLocation",
      "resource": "app-storage"
    },
    {
      "principal": "bob",
      "action": "s3:PutBucketPolicy",
      "resource": "bucket1"
    },
    {
      "principal": "bob",
      "action": "s3:GetObjectAcl",
      "resource": "bucket1/files/file9.txt"
    },
    {
      "principal": "bob",
      "action": "s3:GetObject",
      "resource": "data-bucket/logs/config/image5.png"
    },
    {
      "principal": "bob",
      "action": "s3:GetObjectAcl",
      "resource": "mybucket/images/backups/image9.png"
    },
    {
      "principal": "bob",
      "action": "s3:PutObjectAcl",
      "resource": "mybucket/config/config/image9.png"
    },
    {
      "principal": "bob",
      "action": "s3:GetObjectAcl",
      "resource": "app-storage/users/logs/images/image5.png"
    },
    {
      "principal": "bob",
      "action": "s3:DeleteObject",
      "resource": "data-bucket/image7.png"
    },
    {
      "principal": "bob",
      "action": "s3:CreateBucket",
      "resource": "bucket1"
    },
    {
      "principal": "bob",
      "action": "s3:GetBucketAcl",
      "resource": "mybucket"
    },
    {
      "principal": "bob",
      "action": "s3:DeleteBucket",
      "resource": "bucket1"
    },
    {
      "principal": "bob",
      "action": "s3:PutBucketVersioning",
      "resource": "data-bucket"
    },
    {
      "principal": "bob",
      "action": "s3:GetBucketPolicy",
      "resource": "bucket1"
    },
    {
      "principal": "bob",
      "action": "s3:GetObject",
      "resource": "data-bucket/data/logs/config/image8.png"
    },
    {
      "principal": "bob",
      "action": "s3:CreateBucket",
      "resource": "data-bucket"
    },
    {
      "principal": "bob",
      "action": "s3:GetBucketVersioning",
      "resource": "mybucket"
    },
    {
      "principal": "bob",
      "action": "s3:PutBucketPolicy",
      "resource": "bucket1"
    },
    {
      "principal": "bob",
      "action": "s3:GetObjectVersion",
      "resource": "bucket1/images/users/users/image5.png"
    },
    {
      "principal": "bob",
      "action": "s3:PutObject",
      "resource": "app-storage/files/data/image9.png"
    }
  ],
  "denied_requests": [
    {
      "principal": "bob",
      "action": "s3:GetObject",
      "resource": "secret/stuff0"
    },
    {
      "principal": "bob",
      "action": "s3:GetObjectAcl",
      "resource": "secret/stuff1"
    },
    {
      "principal": "bob",
      "action": "s3:GetObjectVersion",
      "resource": "secret/stuff2"
    },
    {
      "principal": "bob",
      "action": "s3:PutBucketVersioning",
      "resource": "secret/stuff3"
    },
    {
      "principal": "bob",
      "action": "s3:PutObject",
      "resource": "secret/stuff4"
    },
    {
      "principal": "bob",
      "action": "s3:CreateBucket",
      "resource": "secret/stuff5"
    },
    {
      "principal": "bob",
      "action": "s3:PutBucketVersioning",
      "resource": "secret/stuff6"
    },
    {
      "principal": "bob",
      "action": "s3:GetObject",
      "resource": "secret/stuff7"
    },
    {
      "principal": "bob",
      "action": "s3:GetObjectTagging",
      "resource": "secret/stuff8"
    },
    {
      "principal": "bob",
      "action": "s3:DeleteObject",
      "resource": "secret/stuff9"
    },
    {
      "principal": "bob",
      "action": "s3:DeleteObject",
      "resource": "secret/stuff10"
    },
    {
      "principal": "bob",
      "action": "s3:CreateBucket",
      "resource": "secret/stuff11"
    }
  ]
}