{
  "allowed_requests": [
    {
      "principal": "bob",
      "action": "s3:PutObject",
      "resource": "data-bucket/file9.txt"
    },
    {
      "principal": "bob",
      "action": "s3:GetObjectVersion",
      "resource": "bucket1/images/images/image9.png"
    },
    {
      "principal": "bob",
      "action": "s3:GetBucketVersioning",
      "resource": "mybucket"
    },
    {
      "principal": "bob",
      "action": "s3:PutBucketVersioning",
      "resource": "mybucket"
    },
    {
      "principal": "bob",
      "action": "s3:GetObjectVersion",
      "resource": "data-bucket/config/config/file6.txt"
    },
    {
      "principal": "bob",
      "action": "s3:PutBucketAcl",
      "resource": "mybucket"
    },
    {
      "principal": "bob",
      "action": "s3:PutBucketPolicy",
      "resource": "bucket1"
    },
    {
      "principal": "bob",
      "action": "s3:GetObjectTagging",
      "resource": "app-storage/image5.png"
    },
    {
      "principal": "bob",
      "action": "s3:CreateBucket",
      "resource": "data-bucket"
    },
    {
      "principal": "bob",
      "action": "s3:GetObjectVersion",
      "resource": "mybucket/data/image5.png"
    },
    {
      "principal": "bob",
      "action": "s3:GetObjectAcl",
      "resource": "bucket1/logs/logs/file3.txt"
    },
    {
      "principal": "bob",
      "action": "s3:PutBucketPolicy",
      "resource": "data-bucket"
    },
    {
      "principal": "bob",
      "action": "s3:PutBucketPolicy",
      "resource": "data-bucket"
    },
    {
      "principal": "bob",
      "action": "s3:GetObjectTagging",
      "resource": "app-storage/files/image6.png"
    },
    {
      "principal": "bob",
      "action": "s3:PutBucketPolicy",
      "resource": "bucket1"
    },
    {
      "principal": "bob",
      "action": "s3:PutBucketPolicy",
      "resource": "mybucket"
    },
    {
      "principal": "bob",
      "action": "s3:PutObjectTagging",
      "resource": "app-storage/config/logs/logs/file7.txt"
    },
    {
      "principal": "bob",
      "action": "s3:DeleteBucket",
      "resource": "data-bucket"
    },
    {
      "principal": "bob",
      "action": "s3:GetBucketPolicy",
      "resource": "mybucket"
    },
    {
      "principal": "bob",
      "action": "s3:GetBucketLocation",
      "resource": "bucket1"
    },
    {
      "principal": "bob",
      "action": "s3:DeleteBucket",
      "resource": "bucket1"
    },
    {
      "principal": "bob",
      "action": "s3:PutObjectTagging",
      "resource": "data-bucket/files/image4.png"
    },
    {
      "principal": "bob",
      "action": "s3:GetBucketVersioning",
      "resource": "bucket1"
    },
    {
      "principal": "bob",
      "action": "s3:PutObjectAcl",
      "resource": "mybucket/file7.txt"
    },
    {
      "principal": "bob",
      "action": "s3:PutBucketPolicy",
      "resource": "mybucket"
    },
    {
      "principal": "bob",
      "action": "s3:PutObjectTagging",
      "resource": "data-bucket/files/file2.txt"
    },
    {
      "principal": "bob",
      "action": "s3:CreateBucket",
      "resource": "bucket1"
    },
    {
      "principal": "bob",
      "action": "s3:PutObjectAcl",
      "resource": "mybucket/backups/logs/file1.txt"
    },
    {
      "principal": "bob",
      "action": "s3:PutObject",
      "resource": "data-bucket/config/config/backups/file7.txt"
    },
    {
      "principal": "bob",
      "action": "s3:GetObjectTagging",
      "resource": "mybucket/data/image9.png"
    },
    {
      "principal": "bob",
      "action": "s3:ListBucket",
      "resource": "app-storage"
    },
    {
      "principal": "bob",
      "action": "s3:ListBucket",
      "resource": "bucket1"
    },
    {
      "principal": "bob",
      "action": "s3:DeleteObject",
      "resource": "app-storage/data/logs/data/image2.png"
    },
    {
      "principal": "bob",
      "action": "s3:PutBucketVersioning",
      "resource": "data-bucket"
    },
    {
      "principal": "bob",
      "action": "s3:GetBucketVersioning",
      "resource": "data-bucket"
    },
    {
      "principal": "bob",
      "action": "s3:PutObject",
      "resource": "app-storage/data/config/file8.txt"
    }
  ],
  "denied_requests": [
    {
      "principal": "bob",
      "action": "s3:GetObjectVersion",
      "resource": "secret/stuff0"
    },
    {
      "principal": "bob",
      "action": "s3:GetBucketVersioning",
      "resource": "secret/stuff1"
    },
    {
      "principal": "bob",
      "action": "s3:ListBucketVersions",
      "resource": "secret/stuff2"
    },
    {
      "principal": "bob",
      "action": "s3:GetObjectVersion",
      "resource": "secret/stuff3"
    },
    {
      "principal": "bob",
      "action": "s3:ListBucket",
      "resource": "secret/stuff4"
    },
    {
      "principal": "bob",
      "action": "s3:DeleteObject",
      "resource": "secret/stuff5"
    },
    {
      "principal": "bob",
      "action": "s3:GetObjectVersion",
      "resource": "secret/stuff6"
    },
    {
      "principal": "bob",
      "action": "s3:GetObjectTagging",
      "resource": "secret/stuff7"
    },
    {
      "principal": "bob",
      "action": "s3:DeleteObject",
      "resource": "secret/stuff8"
    },
    {
      "principal": "bob",
      "action": "s3:GetBucketAcl",
      "resource": "secret/stuff9"
    }
  ]
}