{
  "allowed_requests": [
    {
      "principal": "bob",
      "action": "s3:DeleteObject",
      "resource": "mybucket/files/logs/image4.png"
    },
    {
      "principal": "bob",
      "action": "s3:GetBucketAcl",
      "resource": "mybucket"
    },
    {
      "principal": "bob",
      "action": "s3:GetBucketPolicy",
      "resource": "data-bucket"
    },
    {
      "principal": "bob",
      "action": "s3:CreateBucket",
      "resource": "mybucket"
    },
    {
      "principal": "bob",
      "action": "s3:PutObjectTagging",
      "resource": "bucket1/logs/data/logs/image3.png"
    },
    {
      "principal": "bob",
      "action": "s3:PutObjectTagging",
      "resource": "app-storage/users/file9.txt"
    },
    {
      "principal": "bob",
      "action": "s3:PutBucketAcl",
      "resource": "bucket1"
    },
    {
      "principal": "bob",
      "action": "s3:GetObjectTagging",
      "resource": "app-storage/files/images/image3.png"
    },
    {
      "principal": "bob",
      "action": "s3:DeleteBucket",
      "resource": "data-bucket"
    },
    {
      "principal": "bob",
      "action": "s3:GetBucketPolicy",
      "resource": "data-bucket"
    },
    {
      "principal": "bob",
      "action": "s3:PutObjectAcl",
      "resource": "app-storage/files/file3.txt"
    },
    {
      "principal": "bob",
      "action": "s3:GetObject",
      "resource": "bucket1/data/backups/data/file8.txt"
    },
    {
      "principal": "bob",
      "action": "s3:GetBucketVersioning",
      "resource": "bucket1"
    },
    {
      "principal": "bob",
      "action": "s3:DeleteObject",
      "resource": "mybucket/image9.png"
    },
    {
      "principal": "bob",
      "action": "s3:DeleteObject",
      "resource": "data-bucket/files/image5.png"
    },
    {
      "principal": "bob",
      "action": "s3:DeleteObject",
      "resource": "bucket1/config/users/users/image1.png"
    },
    {
      "principal": "bob",
      "action": "s3:GetObjectTagging",
      "resource": "bucket1/config/config/image8.png"
    },
    {
      "principal": "bob",
      "action": "s3:GetObject",
      "resource": "bucket1/files/users/config/image2.png"
    },
    {
      "principal": "bob",
      "action": "s3:PutObjectAcl",
      "resource": "bucket1/file2.txt"
    },
    {
      "principal": "bob",
      "action": "s3:GetObjectVersion",
      "resource": "app-storage/backups/image6.png"
    },
    {
      "principal": "bob",
      "action": "s3:GetBucketAcl",
      "resource": "app-storage"
    },
    {
      "principal": "bob",
      "action": "s3:GetBucketLocation",
      "resource": "app-storage"
    },
    {
      "principal": "bob",
      "action": "s3:GetObjectVersion",
      "resource": "app-storage/image5.png"
    },
    {
      "principal": "bob",
      "action": "s3:GetBucketLocation",
      "resource": "data-bucket"
    },
    {
      "principal": "bob",
      "action": "s3:ListBucketVersions",
      "resource": "app-storage"
    },
    {
      "principal": "bob",
      "action": "s3:GetBucketPolicy",
      "resource": "data-bucket"
    },
    {
      "principal": "bob",
      "action": "s3:GetBucketAcl",
      "resource": "app-storage"
    },
    {
      "principal": "bob",
      "action": "s3:DeleteBucket",
      "resource": "mybucket"
    },
    {
      "principal": "bob",
      "action": "s3:GetObject",
      "resource": "bucket1/data/file5.txt"
    },
    {
      "principal": "bob",
      "action": "s3:GetObjectAcl",
      "resource": "bucket1/image2.png"
    },
    {
      "principal": "bob",
      "action": "s3:PutBucketVersioning",
      "resource": "app-storage"
    },
    {
      "principal": "bob",
      "action": "s3:GetObjectAcl",
      "resource": "mybucket/backups/data/logs/file3.txt"
    },
    {
      "principal": "bob",
      "action": "s3:PutObjectTagging",
      "resource": "bucket1/file5.txt"
    },
    {
      "principal": "bob",
      "action": "s3:PutObjectAcl",
      "resource": "app-storage/backups/users/file1.txt"
    },
    {
      "principal": "bob",
      "action": "s3:GetObject",
      "resource": "data-bucket/backups/files/images/image3.png"
    },
    {
      "principal": "bob",
      "action": "s3:GetObjectAcl",
      "resource": "app-storage/config/backups/files/file5.txt"
    },
    {
      "principal": "bob",
      "action": "s3:PutBucketAcl",
      "resource": "app-storage"
    },
    {
      "principal": "bob",
      "action": "s3:GetObjectVersion",
      "resource": "bucket1/file2.txt"
    },
    {
      "principal": "bob",
      "action": "s3:GetObject",
      "resource": "app-storage/data/logs/image8.png"
    },
    {
      "principal": "bob",
      "action": "s3:PutBucketAcl",
      "resource": "data-bucket"
    },
    {
      "principal": "bob",
      "action": "s3:PutBucketAcl",
      "resource": "data-bucket"
    },
    {
      "principal": "bob",
      "action": "s3:ListBucketVersions",
      "resource": "mybucket"
    },
    {
      "principal": "bob",
      "action": "s3:CreateBucket",
      "resource": "mybucket"
    },
    {
      "principal": "bob",
      "action": "s3:PutBucketPolicy",
      "resource": "mybucket"
    },
    {
      "principal": "bob",
      "action": "s3:PutObject",
      "resource": "data-bucket/files/image1.png"
    },
    {
      "principal": "bob",
      "action": "s3:CreateBucket",
      "resource": "bucket1"
    },
    {
      "principal": "bob",
      "action": "s3:ListBucket",
      "resource": "data-bucket"
    },
    {
      "principal": "bob",
      "action": "s3:ListBucket",
      "resource": "data-bucket"
    },
    {
      "principal": "bob",
      "action": "s3:GetBucketPolicy",
      "resource": "mybucket"
    },
    {
      "principal": "bob",
      "action": "s3:GetObject",
      "resource": "app-storage/config/files/image8.png"
    },
    {
      "principal": "bob",
      "action": "s3:GetObject",
      "resource": "mybucket/config/users/files/image5.png"
    },
    {
      "principal": "bob",
      "action": "s3:DeleteBucket",
      "resource": "data-bucket"
    },
    {
      "principal": "bob",
      "action": "s3:GetObjectAcl",
      "resource": "data-bucket/data/file6.txt"
    },
    {
      "principal": "bob",
      "action": "s3:DeleteObject",
      "resource": "bucket1/config/backups/image4.png"
    }
  ],
  "denied_requests": [
    {
      "principal": "bob",
      "action": "s3:GetObjectTagging",
      "resource": "secret/stuff0"
    },
    {
      "principal": "bob",
      "action": "s3:CreateBucket",
      "resource": "secret/stuff1"
    },
    {
      "principal": "bob",
      "action": "s3:GetObjectTagging",
      "resource": "secret/stuff2"
    },
    {
      "principal": "bob",
      "action": "s3:GetBucketAcl",
      "resource": "secret/stuff3"
    },
    {
      "principal": "bob",
      "action": "s3:PutObjectAcl",
      "resource": "secret/stuff4"
    },
    {
      "principal": "bob",
      "action": "s3:GetBucketLocation",
      "resource": "secret/stuff5"
    },
    {
      "principal": "bob",
      "action": "s3:PutObjectAcl",
      "resource": "secret/stuff6"
    },
    {
      "principal": "bob",
      "action": "s3:GetBucketPolicy",
      "resource": "secret/stuff7"
    },
    {
      "principal": "bob",
      "action": "s3:GetObjectTagging",
      "resource": "secret/stuff8"
    },
    {
      "principal": "bob",
      "action": "s3:PutBucketVersioning",
      "resource": "secret/stuff9"
    },
    {
      "principal": "bob",
      "action": "s3:PutObjectAcl",
      "resource": "secret/stuff10"
    },
    {
      "principal": "bob",
      "action": "s3:DeleteBucket",
      "resource": "secret/stuff11"
    },
    {
      "principal": "bob",
      "action": "s3:ListBucket",
      "resource": "secret/stuff12"
    },
    {
      "principal": "bob",
      "action": "s3:PutObject",
      "resource": "secret/stuff13"
    },
    {
      "principal": "bob",
      "action": "s3:DeleteObject",
      "resource": "secret/stuff14"
    },
    {
      "principal": "bob",
      "action": "s3:PutObject",
      "resource": "secret/stuff15"
    }
  ]
}