{
  "allowed_requests": [
    {
      "principal": "bob",
      "action": "s3:PutBucketAcl",
      "resource": "mybucket"
    },
    {
      "principal": "bob",
      "action": "s3:GetObjectAcl",
      "resource": "bucket1/logs/backups/image7.png"
    },
    {
      "principal": "bob",
      "action": "s3:PutBucketPolicy",
      "resource": "bucket1"
    },
    {
      "principal": "bob",
      "action": "s3:GetBucketAcl",
      "resource": "mybucket"
    },
    {
      "principal": "bob",
      "action": "s3:GetObjectTagging",
      "resource": "mybucket/images/data/file9.txt"
    },
    {
      "principal": "bob",
      "action": "s3:CreateBucket",
      "resource": "bucket1"
    },
    {
      "principal": "bob",
      "action": "s3:GetBucketPolicy",
      "resource": "data-bucket"
    },
    {
      "principal": "bob",
      "action": "s3:GetObject",
      "resource": "mybucket/image3.png"
    },
    {
      "principal": "bob",
      "action": "s3:ListBucket",
      "resource": "bucket1"
    },
    {
      "principal": "bob",
      "action": "s3:PutBucketPolicy",
      "resource": "data-bucket"
    },
    {
      "principal": "bob",
      "action": "s3:GetObjectAcl",
      "resource": "bucket1/data/logs/files/file3.txt"
    },
    {
      "principal": "bob",
      "action": "s3:PutBucketVersioning",
      "resource": "bucket1"
    },
    {
      "principal": "bob",
      "action": "s3:ListBucketVersions",
      "resource": "app-storage"
    },
    {
      "principal": "bob",
      "action": "s3:PutObjectTagging",
      "resource": "data-bucket/config/image9.png"
    },
    {
      "principal": "bob",
      "action": "s3:ListBucket",
      "resource": "mybucket"
    },
    {
      "principal": "bob",
      "action": "s3:CreateBucket",
      "resource": "app-storage"
    },
    {
      "principal": "bob",
      "action": "s3:GetObjectTagging",
      "resource": "data-bucket/images/config/files/file2.txt"
    },
    {
      "principal": "bob",
      "action": "s3:CreateBucket",
      "resource": "data-bucket"
    },
    {
      "principal": "bob",
      "action": "s3:GetObjectVersion",
      "resource": "app-storage/images/backups/images/file7.txt"
    },
    {
      "principal": "bob",
      "action": "s3:GetBucketAcl",
      "resource": "app-storage"
    },
    {
      "principal": "bob",
      "action": "s3:ListBucket",
      "resource": "app-storage"
    },
    {
      "principal": "bob",
      "action": "s3:GetObjectTagging",
      "resource": "bucket1/image8.png"
    },
    {
      "principal": "bob",
      "action": "s3:ListBucketVersions",
      "resource": "data-bucket"
    },
    {
      "principal": "bob",
      "action": "s3:GetObjectTagging",
      "resource": "mybucket/images/backups/image2.png"
    },
    {
      "principal": "bob",
      "action": "s3:PutBucketPolicy",
      "resource": "data-bucket"
    },
    {
      "principal": "bob",
      "action": "s3:CreateBucket",
      "resource": "app-storage"
    },
    {
      "principal": "bob",
      "action": "s3:DeleteBucket",
      "resource": "app-storage"
    },
    {
      "principal": "bob",
      "action": "s3:GetObject",
      "resource": "mybucket/users/logs/logs/image2.png"
    },
    {
      "principal": "bob",
      "action": "s3:GetObject",
      "resource": "bucket1/file3.txt"
    },
    {
      "principal": "bob",
      "action": "s3:PutBucketVersioning",
      "resource": "mybucket"
    },
    {
      "principal": "bob",
      "action": "s3:PutObjectAcl",
      "resource": "mybucket/backups/image1.png"
    },
    {
      "principal": "bob",
      "action": "s3:PutBucketPolicy",
      "resource": "app-storage"
    },
    {
      "principal": "bob",
      "action": "s3:GetBucketPolicy",
      "resource": "bucket1"
    },
    {
      "principal": "bob",
      "action": "s3:DeleteObject",
      "resource": "mybucket/images/image5.png"
    },
    {
      "principal": "bob",
      "action": "s3:PutObjectAcl",
      "resource": "mybucket/config/image9.png"
    },
    {
      "principal": "bob",
      "action": "s3:CreateBucket",
      "resource": "data-bucket"
    },
    {
      "principal": "bob",
      "action": "s3:GetBucketLocation",
      "resource": "bucket1"
    }
  ],
  "denied_requests": [
    {
      "principal": "bob",
      "action": "s3:GetObject",
      "resource": "secret/stuff0"
    },
    {
      "principal": "bob",
      "action": "s3:PutObject",
      "resource": "secret/stuff1"
    },
    {
      "principal": "bob",
      "action": "s3:GetObject",
      "resource": "secret/stuff2"
    },
    {
      "principal": "bob",
      "action": "s3:DeleteObject",
      "resource": "secret/stuff3"
    },
    {
      "principal": "bob",
      "action": "s3:PutBucketAcl",
      "resource": "secret/stuff4"
    },
    {
      "principal": "bob",
      "action": "s3:GetBucketPolicy",
      "resource": "secret/stuff5"
    },
    {
      "principal": "bob",
      "action": "s3:GetObjectAcl",
      "resource": "secret/stuff6"
    },
    {
      "principal": "bob",
      "action": "s3:ListBucketVersions",
      "resource": "secret/stuff7"
    },
    {
      "principal": "bob",
      "action": "s3:CreateBucket",
      "resource": "secret/stuff8"
    }
  ]
}